parameter_id,model_id,formula_id,symbol,name,category,data_type,unit,default_value,initial_or_prior_value,active_value,weight,weight_group,weight_group_target,weight_group_tolerance,min_value,max_value,formula_or_transform,source_or_rationale,calibration_method,sensitivity,code_ref,config_ref,test_ref,status,fact_level,unknown_task_ids,parameter_version,last_updated,source_selector,extracted_value,last_verified_commit,verified_at,evidence_hash
PARAM-KMFA-001,MOD-KMFA-GOV-001,FORM-KMFA-GOV-001,phase_max_per_run,每次 run 最大 Phase 数,governance,integer,phase,1,1,1,,,,,1,1,constant gate,用户目标,manual contract extraction,high,KMFA/AGENTS.md,KMFA/docs/governance/project.yaml,python3 scripts/lean_governance.py validate --project KMFA,active,EXTRACTED,,0.1.0-s01p3,2026-06-29,user_objective,1,precommit-pending,2026-06-29,pending
PARAM-KMFA-002,MOD-KMFA-GOV-001,FORM-KMFA-GOV-001,phase_github_upload_allowed,中间 Phase 是否允许上传 GitHub,governance,boolean,flag,false,false,false,,,,,false,false,blocked before stage review,用户目标,manual contract extraction,high,KMFA/AGENTS.md,KMFA/HANDOFF.md,python3 scripts/validate_project_governance.py --project KMFA,active,EXTRACTED,,0.1.0-s01p3,2026-06-29,user_objective,false,precommit-pending,2026-06-29,pending
PARAM-KMFA-003,MOD-KMFA-GOV-001,FORM-KMFA-GOV-001,stage_upload_requires_review_fix,Stage 上传前是否要求复审修复,governance,boolean,flag,true,true,true,,,,,true,true,stage review gate,用户目标,manual contract extraction,high,KMFA/AGENTS.md,KMFA/HANDOFF.md,python3 scripts/validate_project_governance.py --project KMFA,active,EXTRACTED,,0.1.0-s01p3,2026-06-29,user_objective,true,precommit-pending,2026-06-29,pending
PARAM-KMFA-004,MOD-KMFA-GOV-001,FORM-KMFA-GOV-001,raw_sensitive_data_public_repo_allowed,原始敏感数据是否允许进公开仓库,privacy,boolean,flag,false,false,false,,,,,false,false,public repo privacy rule,TaskPack and user objective,manual contract extraction,high,KMFA/.gitignore,KMFA/AGENTS.md,python3 scripts/validate_project_governance.py --project KMFA,active,EXTRACTED,,0.1.0-s01p3,2026-06-29,taskpack,false,precommit-pending,2026-06-29,pending
PARAM-KMFA-101,MOD-KMFA-COST-001,FORM-KMFA-AMOUNT-001,amount_storage,金额存储方式,money,string,policy,integer_cents_or_decimal,integer_cents_or_decimal,integer_cents_or_decimal,,,,,NOT_APPLICABLE,NOT_APPLICABLE,integer cents or Decimal amount normalization rule,TaskPack amount precision,unit test and no-float scan,high,KMFA/tools/check_no_float_money.py,KMFA/docs/governance/formula_registry.yaml,python3 -m unittest KMFA.tests.test_amount_tools -q; python3 KMFA/tools/check_no_float_money.py,active,EXTRACTED,,0.1.0-s04p1,2026-06-29,taskpack_s04p1,integer_cents_or_decimal,pre_stage4_review_pending,2026-06-29,pending_stage4_review
PARAM-KMFA-105,MOD-KMFA-COST-001,FORM-KMFA-FIELD-STANDARDIZATION-001,required_canonical_fields_s04p2,S04-P2 必需 canonical 字段集合,field_standardization,string_list,field,document_date;period_month;company_entity;project_name;counterparty;contract_number,document_date;period_month;company_entity;project_name;counterparty;contract_number,document_date;period_month;company_entity;project_name;counterparty;contract_number,,,,,NOT_APPLICABLE,NOT_APPLICABLE,S04-P2 canonical field contract,Roadmap S04-P2 task T1,unit test and policy extraction,high,KMFA/tools/field_standardization.py,KMFA/metadata/schema_maps/field_standardization_policy.yaml,python3 -m unittest KMFA.tests.test_field_standardization -q,active,EXTRACTED,,0.1.0-s04p2,2026-06-29,roadmap_s04p2,document_date;period_month;company_entity;project_name;counterparty;contract_number,pre_stage4_review_pending,2026-06-29,pending_stage4_review
PARAM-KMFA-106,MOD-KMFA-COST-001,FORM-KMFA-FIELD-STANDARDIZATION-001,field_alias_dictionary_version,字段别名字典版本,field_standardization,mapping_version,mapping_version,MAP-SRC-kmfa-field-standardization-a1b2c3d4-v0.1.0,MAP-SRC-kmfa-field-standardization-a1b2c3d4-v0.1.0,MAP-SRC-kmfa-field-standardization-a1b2c3d4-v0.1.0,,,,,NOT_APPLICABLE,NOT_APPLICABLE,S04-P2 field alias dictionary version,Roadmap S04-P2 task T2,unit test and metadata policy extraction,high,KMFA/tools/field_standardization.py,KMFA/metadata/schema_maps/source_mapping_versions.yaml,python3 -m unittest KMFA.tests.test_field_standardization -q,active,EXTRACTED,,0.1.0-s04p2,2026-06-29,roadmap_s04p2,MAP-SRC-kmfa-field-standardization-a1b2c3d4-v0.1.0,pre_stage4_review_pending,2026-06-29,pending_stage4_review
PARAM-KMFA-107,MOD-KMFA-COST-001,FORM-KMFA-FIELD-STANDARDIZATION-001,missing_field_quality_status,缺字段质量状态,field_standardization,enum,status,field_missing_requires_review;field_skipped_silently=false,field_missing_requires_review;field_skipped_silently=false,field_missing_requires_review;field_skipped_silently=false,,,,,NOT_APPLICABLE,NOT_APPLICABLE,Missing or invalid required fields become metadata quality status,Roadmap S04-P2 task T3,unit test and quality status protocol,high,KMFA/tools/field_standardization.py,KMFA/metadata/quality/field_quality_status.jsonl,python3 -m unittest KMFA.tests.test_field_standardization -q,active,EXTRACTED,,0.1.0-s04p2,2026-06-29,roadmap_s04p2,field_missing_requires_review;field_skipped_silently=false,pre_stage4_review_pending,2026-06-29,pending_stage4_review
PARAM-KMFA-102,MOD-KMFA-COST-001,FORM-KMFA-AMOUNT-001,failure_threshold_cents,金额失败阈值,money,integer,cent,1,1,1,,,,,1,1,0.01 yuan mismatch fails,TaskPack zero delta rule,manual contract extraction,high,KMFA/tools/zero_delta_validator.py,KMFA/docs/governance/formula_registry.yaml,python3 -m unittest KMFA.tests.test_zero_delta_validator -q,active,EXTRACTED,,0.1.0-s06p1,2026-06-30,taskpack,1,precommit-pending,2026-06-30,pending_local_commit
PARAM-KMFA-103,MOD-KMFA-COST-001,FORM-KMFA-PROJECT-COMPOSITE-KEY-001,strong_auto_match_bps,项目强匹配阈值,matching,integer,basis_point,8500,8500,8500,,,,,0,10000,strong auto match threshold,TaskPack project identity weighting and S08-P1 manifest,unit test and validator,medium,KMFA/tools/project_composite_key.py,KMFA/metadata/schema_maps/project_composite_key_manifest.json,python3 -m unittest KMFA.tests.test_project_composite_key -q; python3 KMFA/tools/check_s08_p1_project_composite_key.py,active,EXTRACTED,,0.1.0-s08p1-project-composite-key,2026-06-30,s08p1_project_composite_key_manifest,8500,precommit-pending,2026-06-30,pending_local_commit
PARAM-KMFA-104,MOD-KMFA-COST-001,FORM-KMFA-PROJECT-COMPOSITE-KEY-001,human_review_threshold_bps,人工复核阈值,matching,integer,basis_point,7000,7000,7000,,,,,0,10000,human review threshold,TaskPack project identity weighting and S08-P1 manifest,unit test and validator,medium,KMFA/tools/project_composite_key.py,KMFA/metadata/schema_maps/project_composite_key_manifest.json,python3 -m unittest KMFA.tests.test_project_composite_key -q; python3 KMFA/tools/check_s08_p1_project_composite_key.py,active,EXTRACTED,,0.1.0-s08p1-project-composite-key,2026-06-30,s08p1_project_composite_key_manifest,7000,precommit-pending,2026-06-30,pending_local_commit
PARAM-KMFA-201,MOD-KMFA-METADATA-001,FORM-KMFA-METADATA-ID-001,required_metadata_identifiers,S02-P1 核心 metadata 标识符集合,metadata,string_list,identifier,import_run_id;source_id;file_hash;formula_version;mapping_version,import_run_id;source_id;file_hash;formula_version;mapping_version,import_run_id;source_id;file_hash;formula_version;mapping_version,,,,,NOT_APPLICABLE,NOT_APPLICABLE,identifier contract list,Roadmap S02-P1 task T2,protocol validation,high,KMFA/tools/metadata_protocol_check.py,KMFA/metadata/protocol/metadata_protocol.yaml,python3 KMFA/tools/metadata_protocol_check.py,active,EXTRACTED,,0.1.0-s02p1,2026-06-29,roadmap_s02p1,import_run_id;source_id;file_hash;formula_version;mapping_version,pre_stage2_upload_pending,2026-06-29,pending_stage2_upload
PARAM-KMFA-202,MOD-KMFA-METADATA-001,FORM-KMFA-METADATA-ID-001,allowed_public_metadata_categories,公开仓库允许的 metadata 类别,privacy,string_list,category,hash;manifest_index;status;evidence_ref;schema_version;mapping_version;quality_grade;lineage_ref;approval_event_metadata,hash;manifest_index;status;evidence_ref;schema_version;mapping_version;quality_grade;lineage_ref;approval_event_metadata,hash;manifest_index;status;evidence_ref;schema_version;mapping_version;quality_grade;lineage_ref;approval_event_metadata,,,,,NOT_APPLICABLE,NOT_APPLICABLE,public metadata allowlist,Roadmap S02-P1 task T3 and data governance gate,privacy boundary validation,high,KMFA/tools/metadata_protocol_check.py,KMFA/metadata/protocol/metadata_protocol.yaml,python3 KMFA/tools/metadata_protocol_check.py,active,EXTRACTED,,0.1.0-s02p1,2026-06-29,roadmap_s02p1,hash;manifest_index;status;evidence_ref;schema_version;mapping_version;quality_grade;lineage_ref;approval_event_metadata,pre_stage2_upload_pending,2026-06-29,pending_stage2_upload
PARAM-KMFA-203,MOD-KMFA-IMMUTABILITY-001,FORM-KMFA-IMMUTABILITY-001,raw_manifest_immutable_fields,raw manifest 不可变字段集合,immutability,string_list,field,import_run_id;source_id;file_hash;storage_ref;original_filename_hash,import_run_id;source_id;file_hash;storage_ref;original_filename_hash,import_run_id;source_id;file_hash;storage_ref;original_filename_hash,,,,,NOT_APPLICABLE,NOT_APPLICABLE,append-only raw manifest contract,Roadmap S02-P2 task T1,immutability validation,high,KMFA/tools/immutability_policy_check.py,KMFA/metadata/imports/raw_manifest_policy.yaml,python3 KMFA/tools/immutability_policy_check.py,active,EXTRACTED,,0.1.0-s02p2,2026-06-29,roadmap_s02p2,import_run_id;source_id;file_hash;storage_ref;original_filename_hash,pre_stage2_upload_pending,2026-06-29,pending_stage2_upload
PARAM-KMFA-204,MOD-KMFA-IMMUTABILITY-001,FORM-KMFA-IMMUTABILITY-001,frontend_allowed_write_event_types,前端允许写入的控制事件类型,immutability,string_list,event_type,mapping_rule;resolution_event;approval_event;comment;rerun_request;invalidation_request,mapping_rule;resolution_event;approval_event;comment;rerun_request;invalidation_request,mapping_rule;resolution_event;approval_event;comment;rerun_request;invalidation_request,,,,,NOT_APPLICABLE,NOT_APPLICABLE,control event allowlist with raw-layer denylist,Roadmap S02-P2 task T3,immutability validation,high,KMFA/tools/immutability_policy_check.py,KMFA/metadata/approvals/control_event_policy.yaml,python3 KMFA/tools/immutability_policy_check.py,active,EXTRACTED,,0.1.0-s02p2,2026-06-29,roadmap_s02p2,mapping_rule;resolution_event;approval_event;comment;rerun_request;invalidation_request,pre_stage2_upload_pending,2026-06-29,pending_stage2_upload
PARAM-KMFA-205,MOD-KMFA-QUALITY-GATE-001,FORM-KMFA-QUALITY-GATE-001,allowed_quality_grades,S02-P3 数据质量等级集合,quality_gate,string_list,grade,Q0;Q1;Q2;Q3;Q4;Q5,Q0;Q1;Q2;Q3;Q4;Q5,Q0;Q1;Q2;Q3;Q4;Q5,,,,,NOT_APPLICABLE,NOT_APPLICABLE,quality grade allowlist and promotion gate,Roadmap S02-P3 task T1 and TaskPack 10.1,quality gate validation,high,KMFA/tools/check_report_grade_gate.py,KMFA/metadata/quality/quality_grade_policy.yaml,python3 KMFA/tools/check_report_grade_gate.py,active,EXTRACTED,,0.1.0-s02p3,2026-06-29,roadmap_s02p3_taskpack_10_1,Q0;Q1;Q2;Q3;Q4;Q5,pre_stage2_upload_pending,2026-06-29,pending_stage2_upload
PARAM-KMFA-206,MOD-KMFA-QUALITY-GATE-001,FORM-KMFA-QUALITY-GATE-001,allowed_report_grades,S02-P3 报告可信等级集合,quality_gate,string_list,grade,A;B;C;D,A;B;C;D,A;B;C;D,,,,,NOT_APPLICABLE,NOT_APPLICABLE,report grade allowlist and release permission gate,Roadmap S02-P3 task T2 and TaskPack 10.2,quality gate validation,high,KMFA/tools/check_report_grade_gate.py,KMFA/metadata/reports/report_grade_policy.yaml,python3 KMFA/tools/check_report_grade_gate.py,active,EXTRACTED,,0.1.0-s02p3,2026-06-29,roadmap_s02p3_taskpack_10_2,A;B;C;D,pre_stage2_upload_pending,2026-06-29,pending_stage2_upload
PARAM-KMFA-207,MOD-KMFA-QUALITY-GATE-001,FORM-KMFA-QUALITY-GATE-001,missing_gate_evidence_policy,缺少门禁证据时的发布策略,quality_gate,enum,policy,block_release,block_release,block_release,,,,,NOT_APPLICABLE,NOT_APPLICABLE,missing evidence blocks report promotion,Data governance quality gate section 4,quality gate validation,high,KMFA/tools/check_report_grade_gate.py,KMFA/metadata/reports/report_release_gate.yaml,python3 KMFA/tools/check_report_grade_gate.py,active,EXTRACTED,,0.1.0-s02p3,2026-06-29,data_governance_release_gate,block_release,pre_stage2_upload_pending,2026-06-29,pending_stage2_upload
PARAM-KMFA-301,MOD-KMFA-FILE-IMPORT-001,FORM-KMFA-FILE-REGISTER-001,supported_file_extensions_s03p1,S03-P1 支持登记的文件扩展名,file_import,string_list,extension,.zip;.xlsx;.xls;.csv;.pdf;.wps;.et;.dps,.zip;.xlsx;.xls;.csv;.pdf;.wps;.et;.dps,.zip;.xlsx;.xls;.csv;.pdf;.wps;.et;.dps,,,,,NOT_APPLICABLE,NOT_APPLICABLE,file import extension allowlist,Roadmap S03-P1 task T1,unit test and policy extraction,high,KMFA/tools/file_import_register.py,KMFA/metadata/imports/file_import_policy.yaml,python3 -m unittest KMFA.tests.test_file_import_register -q,active,EXTRACTED,,0.1.0-s03p1,2026-06-29,roadmap_s03p1,.zip;.xlsx;.xls;.csv;.pdf;.wps;.et;.dps,pre_stage3_upload_pending,2026-06-29,pending_stage3_upload
PARAM-KMFA-302,MOD-KMFA-FILE-IMPORT-001,FORM-KMFA-FILE-REGISTER-001,zip_safety_policy,zip 解包安全规则,file_import,string_list,rule,reject_absolute_paths;reject_parent_traversal;reject_empty_path_parts;reject_symlink_entries,reject_absolute_paths;reject_parent_traversal;reject_empty_path_parts;reject_symlink_entries,reject_absolute_paths;reject_parent_traversal;reject_empty_path_parts;reject_symlink_entries,,,,,NOT_APPLICABLE,NOT_APPLICABLE,zip safe extraction denylist,Roadmap S03-P1 task T1,unit test and policy extraction,high,KMFA/tools/file_import_register.py,KMFA/metadata/imports/file_import_policy.yaml,python3 -m unittest KMFA.tests.test_file_import_register -q,active,EXTRACTED,,0.1.0-s03p1,2026-06-29,roadmap_s03p1,reject_absolute_paths;reject_parent_traversal;reject_empty_path_parts;reject_symlink_entries,pre_stage3_upload_pending,2026-06-29,pending_stage3_upload
PARAM-KMFA-303,MOD-KMFA-FILE-IMPORT-001,FORM-KMFA-FILE-REGISTER-001,original_filename_public_allowed,公开 metadata 是否允许明文原始文件名,privacy,boolean,flag,false,false,false,,,,,false,false,plaintext original filename is replaced by sha256 filename hash,Public repo privacy boundary,unit test and policy extraction,high,KMFA/tools/file_import_register.py,KMFA/metadata/imports/file_import_policy.yaml,python3 -m unittest KMFA.tests.test_file_import_register -q,active,EXTRACTED,,0.1.0-s03p1,2026-06-29,privacy_boundary,false,pre_stage3_upload_pending,2026-06-29,pending_stage3_upload
PARAM-KMFA-304,MOD-KMFA-SOURCE-CHECK-001,FORM-KMFA-SOURCE-CHECK-001,required_source_check_dimensions,S03-P2 数据源检查矩阵维度,source_check,string_list,dimension,source_system;business_segment;source_package_ref;entity_ref;account_ref;frequency,source_system;business_segment;source_package_ref;entity_ref;account_ref;frequency,source_system;business_segment;source_package_ref;entity_ref;account_ref;frequency,,,,,NOT_APPLICABLE,NOT_APPLICABLE,source check matrix required dimensions,Roadmap S03-P2 task T1,unit test and policy extraction,high,KMFA/tools/source_check_matrix.py,KMFA/metadata/sources/source_check_matrix_policy.yaml,python3 -m unittest KMFA.tests.test_source_check_matrix -q,active,EXTRACTED,,0.1.0-s03p2,2026-06-29,roadmap_s03p2,source_system;business_segment;source_package_ref;entity_ref;account_ref;frequency,pre_stage3_upload_pending,2026-06-29,pending_stage3_upload
PARAM-KMFA-305,MOD-KMFA-SOURCE-CHECK-001,FORM-KMFA-SOURCE-CHECK-001,allowed_source_check_statuses,S03-P2 允许状态集合,source_check,string_list,status,已就绪;部分/阻塞;失败/不适用;已过期;人工复核,已就绪;部分/阻塞;失败/不适用;已过期;人工复核,已就绪;部分/阻塞;失败/不适用;已过期;人工复核,,,,,NOT_APPLICABLE,NOT_APPLICABLE,TaskPack source check status enum,Roadmap S03-P2 task T2,unit test and policy extraction,high,KMFA/tools/source_check_matrix.py,KMFA/metadata/sources/source_check_matrix_policy.yaml,python3 -m unittest KMFA.tests.test_source_check_matrix -q,active,EXTRACTED,,0.1.0-s03p2,2026-06-29,roadmap_s03p2,已就绪;部分/阻塞;失败/不适用;已过期;人工复核,pre_stage3_upload_pending,2026-06-29,pending_stage3_upload
PARAM-KMFA-306,MOD-KMFA-SOURCE-CHECK-001,FORM-KMFA-SOURCE-CHECK-001,status_change_target_layer,状态变化写入目标层,source_check,enum,layer,metadata,metadata,metadata,,,,,metadata,metadata,source status changes append only metadata event,Roadmap S03-P2 task T3,unit test and policy extraction,high,KMFA/tools/source_check_matrix.py,KMFA/metadata/sources/source_status_events.jsonl,python3 -m unittest KMFA.tests.test_source_check_matrix -q,active,EXTRACTED,,0.1.0-s03p2,2026-06-29,roadmap_s03p2,metadata,pre_stage3_upload_pending,2026-06-29,pending_stage3_upload
PARAM-KMFA-307,MOD-KMFA-SOURCE-PRIORITY-001,FORM-KMFA-SOURCE-PRIORITY-001,source_priority_order,S03-P3 源类别优先级,source_priority,string_list,source_class,raw_upload;authorized_export;raw_extracted_value;staging_structured_row;canonical_fact;derived_metric;report_reference;frontend_display;processed_data,raw_upload;authorized_export;raw_extracted_value;staging_structured_row;canonical_fact;derived_metric;report_reference;frontend_display;processed_data,raw_upload;authorized_export;raw_extracted_value;staging_structured_row;canonical_fact;derived_metric;report_reference;frontend_display;processed_data,,,,,NOT_APPLICABLE,NOT_APPLICABLE,source class priority order,Roadmap S03-P3 task T1 and TaskPack data priority section,unit test and policy extraction,high,KMFA/tools/source_priority.py,KMFA/metadata/sources/source_priority_policy.yaml,python3 -m unittest KMFA.tests.test_source_priority -q,active,EXTRACTED,,0.1.0-s03p3,2026-06-29,roadmap_s03p3_taskpack_section_6,raw_upload;authorized_export;raw_extracted_value;staging_structured_row;canonical_fact;derived_metric;report_reference;frontend_display;processed_data,pre_stage3_upload_pending,2026-06-29,pending_stage3_upload
PARAM-KMFA-308,MOD-KMFA-SOURCE-PRIORITY-001,FORM-KMFA-SOURCE-PRIORITY-001,same_source_inconsistency_actions,同源不同引用不一致动作,source_priority,string_list,action,invalidate_derived_cache;request_rerun,invalidate_derived_cache;request_rerun,invalidate_derived_cache;request_rerun,,,,,NOT_APPLICABLE,NOT_APPLICABLE,same-source inconsistency invalidation and rerun,Roadmap S03-P3 task T2,unit test and policy extraction,high,KMFA/tools/source_priority.py,KMFA/metadata/sources/source_priority_events.jsonl,python3 -m unittest KMFA.tests.test_source_priority -q,active,EXTRACTED,,0.1.0-s03p3,2026-06-29,roadmap_s03p3,invalidate_derived_cache;request_rerun,pre_stage3_upload_pending,2026-06-29,pending_stage3_upload
PARAM-KMFA-309,MOD-KMFA-SOURCE-PRIORITY-001,FORM-KMFA-SOURCE-PRIORITY-001,cross_source_conflict_policy,跨源冲突处置策略,source_priority,enum,policy,difference_queue;manual_review_required;auto_selection_allowed=false,difference_queue;manual_review_required;auto_selection_allowed=false,difference_queue;manual_review_required;auto_selection_allowed=false,,,,,false,false,cross-source conflicts require manual review queue,Roadmap S03-P3 task T3,unit test and policy extraction,high,KMFA/tools/source_priority.py,KMFA/metadata/quality/source_difference_queue.jsonl,python3 -m unittest KMFA.tests.test_source_priority -q,active,EXTRACTED,,0.1.0-s03p3,2026-06-29,roadmap_s03p3,difference_queue;manual_review_required;auto_selection_allowed=false,pre_stage3_upload_pending,2026-06-29,pending_stage3_upload
PARAM-KMFA-401,MOD-KMFA-COST-001,FORM-KMFA-A0-FILE-REGISTRATION-001,a0_expected_file_counts,S05-P1 A0 文件数量要求,a0_baseline,string,count_set,total=9;pdf=8;excel=1,total=9;pdf=8;excel=1,total=9;pdf=8;excel=1,,,,,NOT_APPLICABLE,NOT_APPLICABLE,A0 expected file counts,Roadmap S05-P1,unit test and manifest validation,high,KMFA/tools/a0_file_register.py,KMFA/metadata/baseline/a0_file_manifest.json,python3 -m unittest KMFA.tests.test_a0_file_register -q; python3 KMFA/tools/check_a0_file_registration.py,active,EXTRACTED,,0.1.0-s05p1,2026-06-30,roadmap_s05p1,total=9;pdf=8;excel=1,precommit-pending,2026-06-30,stage5_review_passed_local_only
PARAM-KMFA-402,MOD-KMFA-COST-001,FORM-KMFA-A0-FILE-REGISTRATION-001,a0_member_sha256_policy,S05-P1 成员 SHA256 缺失处置,a0_baseline,enum,policy,recorded_if_private_zip_available;pending_private_zip_unavailable_allowed;legacy_crc_not_sha256,recorded_if_private_zip_available;pending_private_zip_unavailable_allowed;legacy_crc_not_sha256,recorded_if_private_zip_available;pending_private_zip_unavailable_allowed;legacy_crc_not_sha256,,,,,NOT_APPLICABLE,NOT_APPLICABLE,A0 member SHA256 policy,Public repo privacy boundary and S05-P1 unit test,unit test and manifest validation,high,KMFA/tools/a0_file_register.py,KMFA/metadata/baseline/a0_file_manifest.json,python3 -m unittest KMFA.tests.test_a0_file_register -q; python3 KMFA/tools/check_a0_file_registration.py,active,EXTRACTED,,0.1.0-s05p1,2026-06-30,roadmap_s05p1,recorded_if_private_zip_available;pending_private_zip_unavailable_allowed;legacy_crc_not_sha256,precommit-pending,2026-06-30,stage5_review_passed_local_only
PARAM-KMFA-403,MOD-KMFA-COST-001,FORM-KMFA-A0-FILE-REGISTRATION-001,a0_initial_candidate_quality,S05-P1 A0 候选初始质量状态,a0_baseline,enum,quality_state,Q3_machine_candidate;q4_human_locked=false;q5_formal_report_allowed=false,Q3_machine_candidate;q4_human_locked=false;q5_formal_report_allowed=false,Q3_machine_candidate;q4_human_locked=false;q5_formal_report_allowed=false,,,,,NOT_APPLICABLE,NOT_APPLICABLE,A0 initial candidate quality state,Roadmap S05-P1 and quality gate policy,unit test and manifest validation,high,KMFA/tools/a0_file_register.py,KMFA/metadata/baseline/a0_project_candidates.jsonl,python3 -m unittest KMFA.tests.test_a0_file_register -q; python3 KMFA/tools/check_a0_file_registration.py,active,EXTRACTED,,0.1.0-s05p1,2026-06-30,roadmap_s05p1,Q3_machine_candidate;q4_human_locked=false;q5_formal_report_allowed=false,precommit-pending,2026-06-30,stage5_review_passed_local_only
PARAM-KMFA-404,MOD-KMFA-COST-001,FORM-KMFA-A0-GOLDEN-FIXTURE-001,required_a0_golden_fields,S05-P2 必需字段集合,a0_golden_fixture,string_list,field,contract_amount;total_expense;gross_profit;gross_margin;cost_category,contract_amount;total_expense;gross_profit;gross_margin;cost_category,contract_amount;total_expense;gross_profit;gross_margin;cost_category,,,,,NOT_APPLICABLE,NOT_APPLICABLE,A0 golden fixture field contract,Roadmap S05-P2,unit test and candidate validation,high,KMFA/tools/a0_golden_fixture.py,KMFA/metadata/baseline/a0_golden_fixture_manifest.json,python3 -m unittest KMFA.tests.test_a0_golden_fixture -q; python3 KMFA/tools/check_a0_golden_fixture.py,active,EXTRACTED,,0.1.0-s05p2-private-backfill-partial,2026-06-30,roadmap_s05p2,contract_amount;total_expense;gross_profit;gross_margin;cost_category,precommit-pending,2026-06-30,pending_private_value_backfill
PARAM-KMFA-405,MOD-KMFA-COST-001,FORM-KMFA-A0-GOLDEN-FIXTURE-001,a0_private_value_public_policy,S05-P2 私有字段值公开策略,a0_golden_fixture,enum,privacy,raw_value_public_committed=false;normalized_value_public_committed=false;hash_only_if_private_source_available,raw_value_public_committed=false;normalized_value_public_committed=false;hash_only_if_private_source_available,raw_value_public_committed=false;normalized_value_public_committed=false;hash_only_if_private_source_available,,,,,false,false,Public metadata keeps field values private,Roadmap S05-P2 and public repo privacy boundary,unit test and candidate validation,high,KMFA/tools/a0_golden_fixture.py,KMFA/metadata/baseline/a0_golden_fixture_candidates.jsonl,python3 -m unittest KMFA.tests.test_a0_golden_fixture -q; python3 KMFA/tools/check_a0_golden_fixture.py,active,EXTRACTED,,0.1.0-s05p2-private-backfill-partial,2026-06-30,roadmap_s05p2,raw_value_public_committed=false;normalized_value_public_committed=false;hash_only_if_private_source_available,precommit-pending,2026-06-30,pending_private_value_backfill
PARAM-KMFA-406,MOD-KMFA-COST-001,FORM-KMFA-A0-GOLDEN-FIXTURE-001,a0_fixture_candidate_quality,S05-P2 字段候选质量状态,a0_golden_fixture,enum,quality_state,Q3_machine_candidate;q4_human_confirmed=false;q5_calculation_baseline_allowed=false,Q3_machine_candidate;q4_human_confirmed=false;q5_calculation_baseline_allowed=false,Q3_machine_candidate;q4_human_confirmed=false;q5_calculation_baseline_allowed=false,,,,,NOT_APPLICABLE,NOT_APPLICABLE,A0 fixture candidate quality state,Roadmap S05-P2 and quality gate policy,unit test and candidate validation,high,KMFA/tools/a0_golden_fixture.py,KMFA/metadata/baseline/a0_golden_fixture_candidates.jsonl,python3 -m unittest KMFA.tests.test_a0_golden_fixture -q; python3 KMFA/tools/check_a0_golden_fixture.py,active,EXTRACTED,,0.1.0-s05p2-private-backfill-partial,2026-06-30,roadmap_s05p2,Q3_machine_candidate;q4_human_confirmed=false;q5_calculation_baseline_allowed=false,precommit-pending,2026-06-30,pending_private_value_backfill
PARAM-KMFA-407,MOD-KMFA-COST-001,FORM-KMFA-A0-AUTHORITY-BASELINE-LOCK-001,a0_authority_q5_locked_field_count,S05-P3 Q5 锁定字段数量,a0_authority_baseline,integer,field_count,40,40,40,,,,,0,45,locked q5 fields count,S05-P3 authority baseline manifest,unit test and manifest validation,high,KMFA/tools/a0_authority_baseline_lock.py,KMFA/metadata/baseline/a0_authority_baseline_manifest.json,python3 -m unittest KMFA.tests.test_s05_p3_authority_baseline_lock -q; python3 KMFA/tools/check_a0_authority_baseline_lock.py,active,EXTRACTED,,0.1.0-s05p3-authority-baseline-lock,2026-06-30,s05p3_authority_baseline_manifest,40,precommit-pending,2026-06-30,stage5_review_passed_local_only
PARAM-KMFA-408,MOD-KMFA-COST-001,FORM-KMFA-A0-AUTHORITY-BASELINE-LOCK-001,a0_authority_excluded_field_count,S05-P3 排除字段数量,a0_authority_baseline,integer,field_count,5,5,5,,,,,0,45,excluded fields count,S05-P3 authority baseline manifest,unit test and manifest validation,high,KMFA/tools/a0_authority_baseline_lock.py,KMFA/metadata/baseline/a0_authority_baseline_manifest.json,python3 -m unittest KMFA.tests.test_s05_p3_authority_baseline_lock -q; python3 KMFA/tools/check_a0_authority_baseline_lock.py,active,EXTRACTED,,0.1.0-s05p3-authority-baseline-lock,2026-06-30,s05p3_authority_baseline_manifest,5,precommit-pending,2026-06-30,stage5_review_passed_local_only
PARAM-KMFA-409,MOD-KMFA-COST-001,FORM-KMFA-A0-AUTHORITY-BASELINE-LOCK-001,a0_authority_baseline_identity,S05-P3 baseline version/hash,a0_authority_baseline,string,identity,KMFA-A0-Q5-20260630-S05P3-PUBLIC-SAFE-HASH-LOCK;sha256:dbb55ffb4e3608e49dbcf91e97fc0f19395a8269ff7c8f4d5c3f8ca398c03670,KMFA-A0-Q5-20260630-S05P3-PUBLIC-SAFE-HASH-LOCK;sha256:dbb55ffb4e3608e49dbcf91e97fc0f19395a8269ff7c8f4d5c3f8ca398c03670,KMFA-A0-Q5-20260630-S05P3-PUBLIC-SAFE-HASH-LOCK;sha256:dbb55ffb4e3608e49dbcf91e97fc0f19395a8269ff7c8f4d5c3f8ca398c03670,,,,,NOT_APPLICABLE,NOT_APPLICABLE,baseline version and content hash,S05-P3 authority baseline manifest,validator content hash check,high,KMFA/tools/check_a0_authority_baseline_lock.py,KMFA/metadata/baseline/a0_authority_baseline_manifest.json,python3 KMFA/tools/check_a0_authority_baseline_lock.py,active,EXTRACTED,,0.1.0-s05p3-authority-baseline-lock,2026-06-30,s05p3_authority_baseline_manifest,KMFA-A0-Q5-20260630-S05P3-PUBLIC-SAFE-HASH-LOCK;sha256:dbb55ffb4e3608e49dbcf91e97fc0f19395a8269ff7c8f4d5c3f8ca398c03670,precommit-pending,2026-06-30,stage5_review_passed_local_only
PARAM-KMFA-410,MOD-KMFA-COST-001,FORM-KMFA-ZERO-DELTA-VALIDATOR-001,zero_delta_cents,零差异目标,zero_delta,integer,cent,0,0,0,,,,,0,0,zero delta target,Roadmap S06-P1 and S06-P1 manifest,unit test and synthetic mismatch validation,high,KMFA/tools/zero_delta_validator.py,KMFA/stage_artifacts/S06_P1_zero_delta_validator/machine/s06_p1_manifest.json,python3 -m unittest KMFA.tests.test_zero_delta_validator -q,active,EXTRACTED,,0.1.0-s06p1,2026-06-30,roadmap_s06p1,0,precommit-pending,2026-06-30,pending_local_commit
PARAM-KMFA-411,MOD-KMFA-COST-001,FORM-KMFA-ZERO-DELTA-VALIDATOR-001,zero_delta_failure_threshold_cents,零差异失败阈值,zero_delta,integer,cent,1,1,1,,,,,1,1,any 1 cent difference fails,Roadmap S06-P1 and S06-P1 tests,unit test and synthetic mismatch validation,high,KMFA/tools/zero_delta_validator.py,KMFA/stage_artifacts/S06_P1_zero_delta_validator/machine/s06_p1_manifest.json,python3 -m unittest KMFA.tests.test_zero_delta_validator -q,active,EXTRACTED,,0.1.0-s06p1,2026-06-30,roadmap_s06p1,1,precommit-pending,2026-06-30,pending_local_commit
PARAM-KMFA-412,MOD-KMFA-COST-001,FORM-KMFA-CROSS-SOURCE-DIFF-QUEUE-001,cross_source_pdf_excel_difference_policy,PDF与Excel同项目冲突处置,difference_queue,enum,policy,queue_for_manual_review,queue_for_manual_review,queue_for_manual_review,,,,,NOT_APPLICABLE,NOT_APPLICABLE,same-project PDF Excel conflicts enter manual review queue,Roadmap S06-P2 and S06-P2 manifest,unit test and validator,high,KMFA/tools/cross_source_difference_queue.py,KMFA/stage_artifacts/S06_P2_cross_source_difference_queue/machine/s06_p2_manifest.json,python3 -m unittest KMFA.tests.test_cross_source_difference_queue -q; python3 KMFA/tools/check_s06_p2_difference_queue.py,active,EXTRACTED,,0.1.0-s06p2,2026-06-30,roadmap_s06p2,queue_for_manual_review,precommit-pending,2026-06-30,pending_local_commit
PARAM-KMFA-413,MOD-KMFA-COST-001,FORM-KMFA-CROSS-SOURCE-DIFF-QUEUE-001,cross_source_auto_resolution_allowed,跨源差异是否允许自动处理,difference_queue,boolean,flag,false,false,false,,,,,false,false,auto correction averaging rounding masking and source selection are forbidden,Roadmap S06-P2 and S06-P2 tests,unit test and validator,high,KMFA/tools/cross_source_difference_queue.py,KMFA/stage_artifacts/S06_P2_cross_source_difference_queue/machine/s06_p2_manifest.json,python3 -m unittest KMFA.tests.test_cross_source_difference_queue -q; python3 KMFA/tools/check_s06_p2_difference_queue.py,active,EXTRACTED,,0.1.0-s06p2,2026-06-30,roadmap_s06p2,false,precommit-pending,2026-06-30,pending_local_commit
PARAM-KMFA-414,MOD-KMFA-COST-001,FORM-KMFA-CROSS-SOURCE-DIFF-QUEUE-001,unresolved_difference_report_grade_a_allowed,未关闭差异是否允许A报告,difference_queue,boolean,flag,false,false,false,,,,,false,false,unresolved critical differences block report grade A,Roadmap S06-P2 and report grade gate,unit test and validator,high,KMFA/tools/check_s06_p2_difference_queue.py,KMFA/stage_artifacts/S06_P2_cross_source_difference_queue/machine/s06_p2_report_grade_gate.json,python3 KMFA/tools/check_s06_p2_difference_queue.py,active,EXTRACTED,,0.1.0-s06p2,2026-06-30,roadmap_s06p2,false,precommit-pending,2026-06-30,pending_local_commit
PARAM-KMFA-415,MOD-KMFA-COST-001,FORM-KMFA-CROSS-SOURCE-DIFF-QUEUE-001,cross_source_difference_public_safe_fixture_only,S06-P2证据公开安全限制,difference_queue,boolean,flag,true,true,true,,,,,true,true,S06-P2 evidence uses public-safe synthetic fixture only,Public repo privacy boundary and S06-P2 manifest,unit test and validator,high,KMFA/tools/cross_source_difference_queue.py,KMFA/stage_artifacts/S06_P2_cross_source_difference_queue/machine/s06_p2_manifest.json,python3 -m unittest KMFA.tests.test_cross_source_difference_queue -q; python3 KMFA/tools/check_s06_p2_difference_queue.py,active,EXTRACTED,,0.1.0-s06p2,2026-06-30,roadmap_s06p2,true,precommit-pending,2026-06-30,pending_local_commit
PARAM-KMFA-416,MOD-KMFA-COST-001,FORM-KMFA-VALIDATION-EVIDENCE-OUTPUT-001,validation_evidence_metadata_allowed_categories,S06-P3 metadata允许类别,validation_evidence,string_list,category,hash;ref;status;evidence;quality_grade;hard_block,hash;ref;status;evidence;quality_grade;hard_block,hash;ref;status;evidence;quality_grade;hard_block,,,,,NOT_APPLICABLE,NOT_APPLICABLE,metadata quality only stores public-safe categories,Roadmap S06-P3 and metadata privacy boundary,unit test and validator,high,KMFA/tools/validation_evidence_output.py,KMFA/stage_artifacts/S06_P3_validation_evidence_output/machine/s06_p3_manifest.json,python3 -m unittest KMFA.tests.test_validation_evidence_output -q; python3 KMFA/tools/check_s06_p3_validation_evidence.py,active,EXTRACTED,,0.1.0-s06p3,2026-06-30,roadmap_s06p3,hash;ref;status;evidence;quality_grade;hard_block,precommit-pending,2026-06-30,pending_local_commit
PARAM-KMFA-417,MOD-KMFA-COST-001,FORM-KMFA-VALIDATION-EVIDENCE-OUTPUT-001,validation_evidence_field_plaintext_allowed,S06-P3 是否允许新增字段明文,validation_evidence,boolean,flag,false,false,false,,,,,false,false,stage and metadata outputs must not add field plaintext,Roadmap S06-P3 and public repository boundary,unit test and validator,high,KMFA/tools/check_s06_p3_validation_evidence.py,KMFA/stage_artifacts/S06_P3_validation_evidence_output/machine/s06_p3_manifest.json,python3 KMFA/tools/check_s06_p3_validation_evidence.py,active,EXTRACTED,,0.1.0-s06p3,2026-06-30,roadmap_s06p3,false,precommit-pending,2026-06-30,pending_local_commit
PARAM-KMFA-418,MOD-KMFA-COST-001,FORM-KMFA-VALIDATION-EVIDENCE-OUTPUT-001,validation_evidence_raw_amount_values_allowed,S06-P3 metadata 是否允许原始金额值,validation_evidence,boolean,flag,false,false,false,,,,,false,false,metadata quality outputs must not store raw amount values,Roadmap S06-P3 and public repository boundary,unit test and validator,high,KMFA/tools/check_s06_p3_validation_evidence.py,KMFA/stage_artifacts/S06_P3_validation_evidence_output/machine/s06_p3_manifest.json,python3 KMFA/tools/check_s06_p3_validation_evidence.py,active,EXTRACTED,,0.1.0-s06p3,2026-06-30,roadmap_s06p3,false,precommit-pending,2026-06-30,pending_local_commit
PARAM-KMFA-419,MOD-KMFA-COST-001,FORM-KMFA-VALIDATION-EVIDENCE-OUTPUT-001,s06p3_phase_github_upload_allowed,S06-P3 Phase 完成是否允许上传 GitHub,governance,boolean,flag,false,false,false,,,,,false,false,phase completion must remain local until Stage 6 review and upload gate,User goal and phase upload rule,validator and git status evidence,high,KMFA/AGENTS.md,KMFA/stage_artifacts/S06_P3_validation_evidence_output/machine/s06_p3_manifest.json,git status --short --branch,active,EXTRACTED,,0.1.0-s06p3,2026-06-30,user_goal,false,precommit-pending,2026-06-30,pending_local_commit
PARAM-KMFA-420,MOD-KMFA-COST-001,FORM-KMFA-FINANCE-FILE-ADAPTER-001,finance_required_categories,S07-P1 财务支撑源必需类别,finance_adapter,string_list,category,operating_analysis;journal;customer_aging;cash;tax;invoice;account;loan;r_and_d_expense,operating_analysis;journal;customer_aging;cash;tax;invoice;account;loan;r_and_d_expense,operating_analysis;journal;customer_aging;cash;tax;invoice;account;loan;r_and_d_expense,,,,,NOT_APPLICABLE,NOT_APPLICABLE,required S07-P1 finance source categories,Roadmap S07-P1 and S07-P1 manifest,unit test and validator,high,KMFA/tools/finance_file_adapter.py,KMFA/metadata/schema_maps/finance_file_adapter_manifest.json,python3 -m unittest KMFA.tests.test_finance_file_adapter -q; python3 KMFA/tools/check_s07_p1_finance_file_adapter.py,active,EXTRACTED,,0.1.0-s07p1-finance-file-adapter,2026-06-30,roadmap_s07p1,operating_analysis;journal;customer_aging;cash;tax;invoice;account;loan;r_and_d_expense,precommit-pending,2026-06-30,pending_local_commit
PARAM-KMFA-421,MOD-KMFA-COST-001,FORM-KMFA-FINANCE-FILE-ADAPTER-001,finance_field_candidate_count,S07-P1 字段候选数量,finance_adapter,integer,field_candidate_count,45,45,45,,,,,0,45,total field candidates from S07-P1 manifest,S07-P1 finance adapter manifest,unit test and validator,high,KMFA/tools/finance_file_adapter.py,KMFA/metadata/schema_maps/finance_field_candidates.jsonl,python3 KMFA/tools/check_s07_p1_finance_file_adapter.py,active,EXTRACTED,,0.1.0-s07p1-finance-file-adapter,2026-06-30,s07p1_manifest,45,precommit-pending,2026-06-30,pending_local_commit
PARAM-KMFA-422,MOD-KMFA-COST-001,FORM-KMFA-FINANCE-FILE-ADAPTER-001,finance_readonly_field_report_count,S07-P1 只读字段报告数量,finance_adapter,integer,report_count,9,9,9,,,,,0,9,total readonly field reports from S07-P1 evidence,S07-P1 finance adapter manifest,unit test and validator,high,KMFA/tools/finance_file_adapter.py,KMFA/stage_artifacts/S07_P1_finance_file_adapter/machine/finance_readonly_field_report.jsonl,python3 KMFA/tools/check_s07_p1_finance_file_adapter.py,active,EXTRACTED,,0.1.0-s07p1-finance-file-adapter,2026-06-30,s07p1_manifest,9,precommit-pending,2026-06-30,pending_local_commit
PARAM-KMFA-423,MOD-KMFA-COST-001,FORM-KMFA-FINANCE-FILE-ADAPTER-001,finance_source_header_plaintext_allowed,S07-P1 是否允许提交来源表头明文,finance_adapter,boolean,flag,false,false,false,,,,,false,false,source headers must be stored as hash plus private ref only,S07-P1 public repo privacy boundary,unit test and validator,high,KMFA/tools/check_s07_p1_finance_file_adapter.py,KMFA/metadata/schema_maps/finance_file_adapter_manifest.json,python3 KMFA/tools/check_s07_p1_finance_file_adapter.py,active,EXTRACTED,,0.1.0-s07p1-finance-file-adapter,2026-06-30,s07p1_validator,false,precommit-pending,2026-06-30,pending_local_commit
PARAM-KMFA-424,MOD-KMFA-COST-001,FORM-KMFA-WPS-FILE-ADAPTER-001,wps_required_export_types,S07-P2 WPS 必需导出类型,wps_adapter,string_list,export_type,collection;receivable_aging;production_project_status;deposit,collection;receivable_aging;production_project_status;deposit,collection;receivable_aging;production_project_status;deposit,,,,,NOT_APPLICABLE,NOT_APPLICABLE,required S07-P2 WPS export types,Roadmap S07-P2 and S07-P2 manifest,unit test and validator,high,KMFA/tools/wps_file_adapter.py,KMFA/metadata/schema_maps/wps_file_adapter_manifest.json,python3 -m unittest KMFA.tests.test_wps_file_adapter -q; python3 KMFA/tools/check_s07_p2_wps_file_adapter.py,active,EXTRACTED,,0.1.0-s07p2-wps-file-adapter,2026-06-30,roadmap_s07p2,collection;receivable_aging;production_project_status;deposit,precommit-pending,2026-06-30,pending_local_commit
PARAM-KMFA-425,MOD-KMFA-COST-001,FORM-KMFA-WPS-FILE-ADAPTER-001,wps_field_mapping_count,S07-P2 字段映射数量,wps_adapter,integer,field_mapping_count,20,20,20,,,,,0,20,total field mappings from S07-P2 manifest,S07-P2 WPS adapter manifest,unit test and validator,high,KMFA/tools/wps_file_adapter.py,KMFA/metadata/schema_maps/wps_field_mappings.jsonl,python3 KMFA/tools/check_s07_p2_wps_file_adapter.py,active,EXTRACTED,,0.1.0-s07p2-wps-file-adapter,2026-06-30,s07p2_manifest,20,precommit-pending,2026-06-30,pending_local_commit
PARAM-KMFA-426,MOD-KMFA-COST-001,FORM-KMFA-WPS-FILE-ADAPTER-001,wps_conversion_guidance_count,S07-P2 转换提示数量,wps_adapter,integer,guidance_count,4,4,4,,,,,0,4,total conversion guidance records from S07-P2 evidence,S07-P2 conversion guidance,unit test and validator,high,KMFA/tools/wps_file_adapter.py,KMFA/stage_artifacts/S07_P2_wps_file_adapter/machine/wps_conversion_guidance.jsonl,python3 KMFA/tools/check_s07_p2_wps_file_adapter.py,active,EXTRACTED,,0.1.0-s07p2-wps-file-adapter,2026-06-30,s07p2_manifest,4,precommit-pending,2026-06-30,pending_local_commit
PARAM-KMFA-427,MOD-KMFA-COST-001,FORM-KMFA-WPS-FILE-ADAPTER-001,wps_mapping_rule_version_id,S07-P2 active 映射规则版本,wps_adapter,mapping_version,mapping_version,MAP-SRC-kmfa-wps-file-adapter-s07p2-v0.1.0,MAP-SRC-kmfa-wps-file-adapter-s07p2-v0.1.0,MAP-SRC-kmfa-wps-file-adapter-s07p2-v0.1.0,,,,,NOT_APPLICABLE,NOT_APPLICABLE,WPS mapping rule versioning,Roadmap S07-P2 task T3 and rule versions manifest,unit test and validator,high,KMFA/tools/wps_file_adapter.py,KMFA/metadata/schema_maps/wps_mapping_rule_versions.json,python3 KMFA/tools/check_s07_p2_wps_file_adapter.py,active,EXTRACTED,,0.1.0-s07p2-wps-file-adapter,2026-06-30,s07p2_rule_versions,MAP-SRC-kmfa-wps-file-adapter-s07p2-v0.1.0,precommit-pending,2026-06-30,pending_local_commit
PARAM-KMFA-428,MOD-KMFA-COST-001,FORM-KMFA-WPS-FILE-ADAPTER-001,wps_source_header_plaintext_allowed,S07-P2 是否允许提交来源表头明文,wps_adapter,boolean,flag,false,false,false,,,,,false,false,source headers must be stored as hash plus private ref only,S07-P2 public repo privacy boundary,unit test and validator,high,KMFA/tools/check_s07_p2_wps_file_adapter.py,KMFA/metadata/schema_maps/wps_file_adapter_manifest.json,python3 KMFA/tools/check_s07_p2_wps_file_adapter.py,active,EXTRACTED,,0.1.0-s07p2-wps-file-adapter,2026-06-30,s07p2_validator,false,precommit-pending,2026-06-30,pending_local_commit
PARAM-KMFA-429,MOD-KMFA-COST-001,FORM-KMFA-REDCIRCLE-POSTPONEMENT-001,redcircle_required_export_types,S07-P3 红圈必需预留导出类型,redcircle_postponement,string_list,export_type,operating;contract;collection;finance,operating;contract;collection;finance,operating;contract;collection;finance,,,,,NOT_APPLICABLE,NOT_APPLICABLE,required S07-P3 Redcircle export types,Roadmap S07-P3 and S07-P3 manifest,unit test and validator,high,KMFA/tools/redcircle_postponement_policy.py,KMFA/metadata/schema_maps/redcircle_postponement_manifest.json,python3 -m unittest KMFA.tests.test_redcircle_postponement_policy -q; python3 KMFA/tools/check_s07_p3_redcircle_postponement.py,active,EXTRACTED,,0.1.0-s07p3-redcircle-postponement,2026-06-30,roadmap_s07p3,operating;contract;collection;finance,precommit-pending,2026-06-30,pending_local_commit
PARAM-KMFA-430,MOD-KMFA-COST-001,FORM-KMFA-REDCIRCLE-POSTPONEMENT-001,redcircle_reserved_template_count,S07-P3 红圈预留模板数量,redcircle_postponement,integer,template_count,4,4,4,,,,,0,4,total reserved templates from S07-P3 manifest,S07-P3 manifest,unit test and validator,high,KMFA/tools/redcircle_postponement_policy.py,KMFA/metadata/schema_maps/redcircle_reserved_export_templates.jsonl,python3 KMFA/tools/check_s07_p3_redcircle_postponement.py,active,EXTRACTED,,0.1.0-s07p3-redcircle-postponement,2026-06-30,s07p3_manifest,4,precommit-pending,2026-06-30,pending_local_commit
PARAM-KMFA-431,MOD-KMFA-COST-001,FORM-KMFA-REDCIRCLE-POSTPONEMENT-001,redcircle_d15_automatic_connector_allowed,S07-P3 D15 文件型 MVP 是否允许自动接口,redcircle_postponement,boolean,flag,false,false,false,,,,,false,false,D15 file MVP blocks automatic Redcircle connector,S07-P3 connector policy,unit test and validator,high,KMFA/tools/check_s07_p3_redcircle_postponement.py,KMFA/stage_artifacts/S07_P3_redcircle_postponement_policy/machine/redcircle_connector_postponement_policy.json,python3 KMFA/tools/check_s07_p3_redcircle_postponement.py,active,EXTRACTED,,0.1.0-s07p3-redcircle-postponement,2026-06-30,s07p3_connector_policy,false,precommit-pending,2026-06-30,pending_local_commit
PARAM-KMFA-432,MOD-KMFA-COST-001,FORM-KMFA-REDCIRCLE-POSTPONEMENT-001,redcircle_future_readonly_hash_rollback_required,S07-P3 后续红圈接入控制,redcircle_postponement,string_list,control,read_only_required=true;hash_retention_required=true;rollback_plan_required=true;manual_approval_required=true,read_only_required=true;hash_retention_required=true;rollback_plan_required=true;manual_approval_required=true,read_only_required=true;hash_retention_required=true;rollback_plan_required=true;manual_approval_required=true,,,,,NOT_APPLICABLE,NOT_APPLICABLE,future Redcircle ingestion controls,Roadmap S07-P3 and rollback plan,unit test and validator,high,KMFA/tools/redcircle_postponement_policy.py,KMFA/stage_artifacts/S07_P3_redcircle_postponement_policy/machine/redcircle_future_rollback_plan.jsonl,python3 KMFA/tools/check_s07_p3_redcircle_postponement.py,active,EXTRACTED,,0.1.0-s07p3-redcircle-postponement,2026-06-30,s07p3_rollback_plan,read_only_required=true;hash_retention_required=true;rollback_plan_required=true;manual_approval_required=true,precommit-pending,2026-06-30,pending_local_commit
PARAM-KMFA-433,MOD-KMFA-COST-001,FORM-KMFA-REDCIRCLE-POSTPONEMENT-001,redcircle_formal_report_allowed,S07-P3 是否允许正式报告,redcircle_postponement,boolean,flag,false,false,false,,,,,false,false,S07-P3 template policy cannot unlock formal reports,S07-P3 validator,unit test and validator,high,KMFA/tools/check_s07_p3_redcircle_postponement.py,KMFA/metadata/schema_maps/redcircle_postponement_manifest.json,python3 KMFA/tools/check_s07_p3_redcircle_postponement.py,active,EXTRACTED,,0.1.0-s07p3-redcircle-postponement,2026-06-30,s07p3_validator,false,precommit-pending,2026-06-30,pending_local_commit
PARAM-KMFA-434,MOD-KMFA-COST-001,FORM-KMFA-PROJECT-COMPOSITE-KEY-001,project_identity_required_components,S08-P1 项目身份组件集合,project_identity,string_list,component,contract_number;project_name;counterparty;company_entity;occurrence_or_project_date;amount_signature;responsible_person;source_hash,contract_number;project_name;counterparty;company_entity;occurrence_or_project_date;amount_signature;responsible_person;source_hash,contract_number;project_name;counterparty;company_entity;occurrence_or_project_date;amount_signature;responsible_person;source_hash,,,,,NOT_APPLICABLE,NOT_APPLICABLE,S08-P1 required project identity components,Roadmap S08-P1 task T1,unit test and validator,high,KMFA/tools/project_composite_key.py,KMFA/metadata/schema_maps/project_composite_key_manifest.json,python3 -m unittest KMFA.tests.test_project_composite_key -q; python3 KMFA/tools/check_s08_p1_project_composite_key.py,active,EXTRACTED,,0.1.0-s08p1-project-composite-key,2026-06-30,roadmap_s08p1,contract_number;project_name;counterparty;company_entity;occurrence_or_project_date;amount_signature;responsible_person;source_hash,precommit-pending,2026-06-30,pending_local_commit
PARAM-KMFA-435,MOD-KMFA-COST-001,FORM-KMFA-PROJECT-COMPOSITE-KEY-001,project_identity_weight_bps_vector,S08-P1 项目身份权重向量,project_identity,weight_vector,basis_point,contract_number=2000;project_name=1800;counterparty=1500;company_entity=1000;occurrence_or_project_date=1200;amount_signature=1200;responsible_person=600;source_hash=700,contract_number=2000;project_name=1800;counterparty=1500;company_entity=1000;occurrence_or_project_date=1200;amount_signature=1200;responsible_person=600;source_hash=700,contract_number=2000;project_name=1800;counterparty=1500;company_entity=1000;occurrence_or_project_date=1200;amount_signature=1200;responsible_person=600;source_hash=700,,,,,0,10000,S08-P1 integer basis point weight vector,TaskPack project identity weighting and model parameter registry,unit test and validator,high,KMFA/tools/project_composite_key.py,KMFA/metadata/schema_maps/project_composite_key_manifest.json,python3 -m unittest KMFA.tests.test_project_composite_key -q; python3 KMFA/tools/check_s08_p1_project_composite_key.py,active,EXTRACTED,,0.1.0-s08p1-project-composite-key,2026-06-30,model_parameter_registry,contract_number=2000;project_name=1800;counterparty=1500;company_entity=1000;occurrence_or_project_date=1200;amount_signature=1200;responsible_person=600;source_hash=700,precommit-pending,2026-06-30,pending_local_commit
PARAM-KMFA-436,MOD-KMFA-COST-001,FORM-KMFA-PROJECT-COMPOSITE-KEY-001,project_identity_manual_review_policy,S08-P1 人工复核策略,project_identity,enum,policy,score_below_strong_threshold_enters_manual_review;auto_merge_allowed=false,score_below_strong_threshold_enters_manual_review;auto_merge_allowed=false,score_below_strong_threshold_enters_manual_review;auto_merge_allowed=false,,,,,NOT_APPLICABLE,NOT_APPLICABLE,below-threshold matches enter manual review queue,Roadmap S08-P1 task T3,unit test and validator,high,KMFA/tools/project_composite_key.py,KMFA/metadata/quality/project_identity_review_queue.jsonl,python3 -m unittest KMFA.tests.test_project_composite_key -q; python3 KMFA/tools/check_s08_p1_project_composite_key.py,active,EXTRACTED,,0.1.0-s08p1-project-composite-key,2026-06-30,roadmap_s08p1,score_below_strong_threshold_enters_manual_review;auto_merge_allowed=false,precommit-pending,2026-06-30,pending_local_commit
PARAM-KMFA-437,MOD-KMFA-COST-001,FORM-KMFA-PROJECT-COMPOSITE-KEY-001,s08p1_phase_github_upload_allowed,S08-P1 Phase 完成是否允许上传 GitHub,governance,boolean,flag,false,false,false,,,,,false,false,phase completion must remain local until Stage 8 review and upload gate,User goal and phase upload rule,validator and git status evidence,high,KMFA/AGENTS.md,KMFA/stage_artifacts/S08_P1_project_composite_key/machine/s08_p1_manifest.json,git status --short --branch,active,EXTRACTED,,0.1.0-s08p1-project-composite-key,2026-06-30,user_goal,false,precommit-pending,2026-06-30,pending_local_commit
PARAM-KMFA-438,MOD-KMFA-COST-001,FORM-KMFA-PROJECT-COMPOSITE-KEY-001,project_identity_profile_count,S08-P1 项目身份 profile 数量,project_identity,integer,profile_count,4,4,4,,,,,0,4,total public-safe profiles from S08-P1 manifest,S08-P1 manifest,unit test and validator,medium,KMFA/tools/project_composite_key.py,KMFA/metadata/schema_maps/project_identity_profiles.jsonl,python3 KMFA/tools/check_s08_p1_project_composite_key.py,active,EXTRACTED,,0.1.0-s08p1-project-composite-key,2026-06-30,s08p1_manifest,4,precommit-pending,2026-06-30,pending_local_commit
PARAM-KMFA-439,MOD-KMFA-COST-001,FORM-KMFA-PROJECT-COMPOSITE-KEY-001,project_identity_manual_review_queue_count,S08-P1 人工复核队列数量,project_identity,integer,queue_count,2,2,2,,,,,0,3,total manual review queue records from S08-P1 manifest,S08-P1 manifest,unit test and validator,medium,KMFA/tools/project_composite_key.py,KMFA/metadata/quality/project_identity_review_queue.jsonl,python3 KMFA/tools/check_s08_p1_project_composite_key.py,active,EXTRACTED,,0.1.0-s08p1-project-composite-key,2026-06-30,s08p1_manifest,2,precommit-pending,2026-06-30,pending_local_commit
PARAM-KMFA-440,MOD-KMFA-COST-001,FORM-KMFA-BUSINESS-ENTITY-MODEL-001,business_entity_required_types,S08-P2 必需业务实体类型,business_entity,string_list,entity_type,customer;contract;project;cost_record;invoice;collection;receivable;tax_evidence,customer;contract;project;cost_record;invoice;collection;receivable;tax_evidence,customer;contract;project;cost_record;invoice;collection;receivable;tax_evidence,,,,,NOT_APPLICABLE,NOT_APPLICABLE,required S08-P2 business entity types,Roadmap S08-P2 task T1,unit test and validator,high,KMFA/tools/business_entity_model.py,KMFA/metadata/schema_maps/business_entity_model_manifest.json,python3 -m unittest KMFA.tests.test_business_entity_model -q; python3 KMFA/tools/check_s08_p2_business_entity_model.py,active,EXTRACTED,,0.1.0-s08p2-business-entity-model,2026-06-30,roadmap_s08p2,customer;contract;project;cost_record;invoice;collection;receivable;tax_evidence,precommit-pending,2026-06-30,pending_local_commit
PARAM-KMFA-441,MOD-KMFA-COST-001,FORM-KMFA-BUSINESS-ENTITY-MODEL-001,business_entity_relationship_count,S08-P2 业务实体关系数量,business_entity,integer,relationship_count,14,14,14,,,,,10,14,total public-safe relationships from S08-P2 manifest,S08-P2 manifest,validator count check,high,KMFA/tools/business_entity_model.py,KMFA/metadata/schema_maps/business_entity_relationships.jsonl,python3 KMFA/tools/check_s08_p2_business_entity_model.py,active,EXTRACTED,,0.1.0-s08p2-business-entity-model,2026-06-30,s08p2_manifest,14,precommit-pending,2026-06-30,pending_local_commit
PARAM-KMFA-442,MOD-KMFA-COST-001,FORM-KMFA-BUSINESS-ENTITY-MODEL-001,business_entity_lifecycle_status_count,S08-P2 生命周期状态数量,business_entity,integer,lifecycle_status_count,32,32,32,,,,,24,32,total lifecycle status records from S08-P2 manifest,S08-P2 manifest,validator lifecycle check,high,KMFA/tools/business_entity_model.py,KMFA/metadata/schema_maps/business_entity_lifecycle_statuses.jsonl,python3 KMFA/tools/check_s08_p2_business_entity_model.py,active,EXTRACTED,,0.1.0-s08p2-business-entity-model,2026-06-30,s08p2_manifest,32,precommit-pending,2026-06-30,pending_local_commit
PARAM-KMFA-443,MOD-KMFA-COST-001,FORM-KMFA-BUSINESS-ENTITY-MODEL-001,business_entity_required_public_safe_fields,S08-P2 必需公开安全字段,business_entity,string_list,field_key,entity_ref;source_ref;source_hash;lifecycle_status;quality_status;evidence_ref,entity_ref;source_ref;source_hash;lifecycle_status;quality_status;evidence_ref,entity_ref;source_ref;source_hash;lifecycle_status;quality_status;evidence_ref,,,,,NOT_APPLICABLE,NOT_APPLICABLE,required public-safe fields for every business entity,Roadmap S08-P2 public repo boundary,unit test and validator,high,KMFA/tools/business_entity_model.py,KMFA/metadata/schema_maps/business_entity_model_schema.json,python3 -m unittest KMFA.tests.test_business_entity_model -q; python3 KMFA/tools/check_s08_p2_business_entity_model.py,active,EXTRACTED,,0.1.0-s08p2-business-entity-model,2026-06-30,s08p2_schema,entity_ref;source_ref;source_hash;lifecycle_status;quality_status;evidence_ref,precommit-pending,2026-06-30,pending_local_commit
PARAM-KMFA-444,MOD-KMFA-COST-001,FORM-KMFA-BUSINESS-ENTITY-MODEL-001,s08p2_phase_github_upload_allowed,S08-P2 Phase 完成是否允许上传 GitHub,governance,boolean,flag,false,false,false,,,,,false,false,phase completion must remain local until Stage 8 review and upload gate,User goal and phase upload rule,validator and git status evidence,high,KMFA/AGENTS.md,KMFA/stage_artifacts/S08_P2_business_entity_model/machine/s08_p2_manifest.json,git status --short --branch,active,EXTRACTED,,0.1.0-s08p2-business-entity-model,2026-06-30,user_goal,false,precommit-pending,2026-06-30,pending_local_commit
PARAM-KMFA-445,MOD-KMFA-COST-001,FORM-KMFA-BUSINESS-ENTITY-MODEL-001,business_entity_fact_layer_scope_included,S08-P2 是否包含事实层范围,business_entity,boolean,flag,false,false,false,,,,,false,false,S08-P2 must not implement production fact layer,Roadmap S08-P2 boundary,unit test and validator,high,KMFA/tools/check_s08_p2_business_entity_model.py,KMFA/stage_artifacts/S08_P2_business_entity_model/machine/s08_p2_manifest.json,python3 KMFA/tools/check_s08_p2_business_entity_model.py,active,EXTRACTED,,0.1.0-s08p2-business-entity-model,2026-06-30,s08p2_validator,false,precommit-pending,2026-06-30,pending_local_commit
PARAM-KMFA-446,MOD-KMFA-COST-001,FORM-KMFA-ENTITY-MATCHING-QUALITY-001,entity_matching_quality_required_scenarios,S08-P3 必需匹配质量场景,entity_matching,string_list,scenario,same_project_name;multiple_company_entities;multiple_accounts;multiple_periods,same_project_name;multiple_company_entities;multiple_accounts;multiple_periods,same_project_name;multiple_company_entities;multiple_accounts;multiple_periods,,,,,NOT_APPLICABLE,NOT_APPLICABLE,required S08-P3 quality scenarios,Roadmap S08-P3 task T1,unit test and validator,high,KMFA/tools/entity_matching_quality.py,KMFA/metadata/quality/entity_matching_quality_manifest.json,python3 -m unittest KMFA.tests.test_entity_matching_quality -q; python3 KMFA/tools/check_s08_p3_entity_matching_quality.py,active,EXTRACTED,,0.1.0-s08p3-entity-matching-quality,2026-06-30,roadmap_s08p3,same_project_name;multiple_company_entities;multiple_accounts;multiple_periods,precommit-pending,2026-06-30,pending_local_commit
PARAM-KMFA-447,MOD-KMFA-COST-001,FORM-KMFA-ENTITY-MATCHING-QUALITY-001,entity_matching_quality_case_count,S08-P3 匹配质量 case 数量,entity_matching,integer,case_count,4,4,4,,,,,4,4,total quality cases from S08-P3 manifest,S08-P3 manifest,validator count check,high,KMFA/tools/entity_matching_quality.py,KMFA/metadata/quality/entity_matching_quality_cases.jsonl,python3 KMFA/tools/check_s08_p3_entity_matching_quality.py,active,EXTRACTED,,0.1.0-s08p3-entity-matching-quality,2026-06-30,s08p3_manifest,4,precommit-pending,2026-06-30,pending_local_commit
PARAM-KMFA-448,MOD-KMFA-COST-001,FORM-KMFA-ENTITY-MATCHING-QUALITY-001,entity_matching_quality_manual_review_queue_count,S08-P3 人工复核队列数量,entity_matching,integer,queue_count,3,3,3,,,,,3,4,total manual review queue records from S08-P3 manifest,S08-P3 manifest,validator queue check,high,KMFA/tools/entity_matching_quality.py,KMFA/metadata/quality/entity_matching_review_queue.jsonl,python3 KMFA/tools/check_s08_p3_entity_matching_quality.py,active,EXTRACTED,,0.1.0-s08p3-entity-matching-quality,2026-06-30,s08p3_manifest,3,precommit-pending,2026-06-30,pending_local_commit
PARAM-KMFA-449,MOD-KMFA-COST-001,FORM-KMFA-ENTITY-MATCHING-QUALITY-001,entity_matching_report_count,S08-P3 entity_matching_report 数量,entity_matching,integer,report_count,1,1,1,,,,,1,1,entity_matching_report must be generated,Roadmap S08-P3 task T3,unit test and validator,high,KMFA/tools/entity_matching_quality.py,KMFA/stage_artifacts/S08_P3_entity_matching_quality/machine/entity_matching_report.json,python3 KMFA/tools/check_s08_p3_entity_matching_quality.py,active,EXTRACTED,,0.1.0-s08p3-entity-matching-quality,2026-06-30,roadmap_s08p3,1,precommit-pending,2026-06-30,pending_local_commit
PARAM-KMFA-450,MOD-KMFA-COST-001,FORM-KMFA-ENTITY-MATCHING-QUALITY-001,s08p3_phase_github_upload_allowed,S08-P3 Phase 完成是否允许上传 GitHub,governance,boolean,flag,false,false,false,,,,,false,false,phase completion must remain local until Stage 8 review and upload gate,User goal and phase upload rule,validator and git status evidence,high,KMFA/AGENTS.md,KMFA/stage_artifacts/S08_P3_entity_matching_quality/machine/s08_p3_manifest.json,git status --short --branch,active,EXTRACTED,,0.1.0-s08p3-entity-matching-quality,2026-06-30,user_goal,false,precommit-pending,2026-06-30,pending_local_commit
PARAM-KMFA-451,MOD-KMFA-COST-001,FORM-KMFA-ENTITY-MATCHING-QUALITY-001,entity_matching_fact_layer_scope_included,S08-P3 是否包含事实层范围,entity_matching,boolean,flag,false,false,false,,,,,false,false,S08-P3 must not implement production fact layer,Roadmap S08-P3 boundary,unit test and validator,high,KMFA/tools/check_s08_p3_entity_matching_quality.py,KMFA/stage_artifacts/S08_P3_entity_matching_quality/machine/s08_p3_manifest.json,python3 KMFA/tools/check_s08_p3_entity_matching_quality.py,active,EXTRACTED,,0.1.0-s08p3-entity-matching-quality,2026-06-30,s08p3_validator,false,precommit-pending,2026-06-30,pending_local_commit
PARAM-KMFA-452,MOD-KMFA-COST-001,FORM-KMFA-PROJECT-COST-FACT-LAYER-001,project_cost_fact_required_metrics,S09-P1 必需项目成本事实指标,project_cost_fact_layer,string_list,metric,revenue;contract_amount;invoice_amount;collection_amount;cost_total;cost_category,revenue;contract_amount;invoice_amount;collection_amount;cost_total;cost_category,revenue;contract_amount;invoice_amount;collection_amount;cost_total;cost_category,,,,,NOT_APPLICABLE,NOT_APPLICABLE,S09-P1 required metric slots,Roadmap S09-P1 T1,unit test and validator,high,KMFA/tools/project_cost_fact_layer.py,KMFA/metadata/reports/project_cost_fact_layer_manifest.json,python3 -m unittest KMFA.tests.test_project_cost_fact_layer -q; python3 KMFA/tools/check_s09_p1_project_cost_fact_layer.py,active,EXTRACTED,,0.1.0-s09p1-project-cost-fact-layer,2026-06-30,s09p1_manifest,revenue;contract_amount;invoice_amount;collection_amount;cost_total;cost_category,precommit-pending,2026-06-30,pending_local_commit
PARAM-KMFA-453,MOD-KMFA-COST-001,FORM-KMFA-PROJECT-COST-FACT-LAYER-001,project_cost_required_categories,S09-P1 必需成本分类,project_cost_fact_layer,string_list,cost_category,labor;material;machinery;subcontract;transport;travel;tax;management_fee;interest,labor;material;machinery;subcontract;transport;travel;tax;management_fee;interest,labor;material;machinery;subcontract;transport;travel;tax;management_fee;interest,,,,,NOT_APPLICABLE,NOT_APPLICABLE,S09-P1 required cost category coverage,Roadmap S09-P1 T2,unit test and validator,high,KMFA/tools/project_cost_fact_layer.py,KMFA/metadata/lineage/unallocated_project_cost_pool.jsonl,python3 -m unittest KMFA.tests.test_project_cost_fact_layer -q; python3 KMFA/tools/check_s09_p1_project_cost_fact_layer.py,active,EXTRACTED,,0.1.0-s09p1-project-cost-fact-layer,2026-06-30,s09p1_manifest,labor;material;machinery;subcontract;transport;travel;tax;management_fee;interest,precommit-pending,2026-06-30,pending_local_commit
PARAM-KMFA-454,MOD-KMFA-COST-001,FORM-KMFA-PROJECT-COST-FACT-LAYER-001,project_cost_fact_record_count,S09-P1 项目事实记录数量,project_cost_fact_layer,integer,record_count,4,4,4,,,,,1,4,total public-safe project fact records from S09-P1 manifest,S09-P1 manifest,validator count check,medium,KMFA/tools/project_cost_fact_layer.py,KMFA/metadata/lineage/project_cost_fact_records.jsonl,python3 KMFA/tools/check_s09_p1_project_cost_fact_layer.py,active,EXTRACTED,,0.1.0-s09p1-project-cost-fact-layer,2026-06-30,s09p1_manifest,4,precommit-pending,2026-06-30,pending_local_commit
PARAM-KMFA-455,MOD-KMFA-COST-001,FORM-KMFA-PROJECT-COST-FACT-LAYER-001,unallocated_project_cost_pool_count,S09-P1 未归集成本池记录数量,project_cost_fact_layer,integer,record_count,9,9,9,,,,,9,9,one unallocated pool item per required cost category,Roadmap S09-P1 T3,validator count check,high,KMFA/tools/project_cost_fact_layer.py,KMFA/metadata/lineage/unallocated_project_cost_pool.jsonl,python3 KMFA/tools/check_s09_p1_project_cost_fact_layer.py,active,EXTRACTED,,0.1.0-s09p1-project-cost-fact-layer,2026-06-30,s09p1_manifest,9,precommit-pending,2026-06-30,pending_local_commit
PARAM-KMFA-456,MOD-KMFA-COST-001,FORM-KMFA-PROJECT-COST-FACT-LAYER-001,s09p1_phase_github_upload_allowed,S09-P1 Phase 完成是否允许上传 GitHub,governance,boolean,flag,false,false,false,,,,,false,false,phase completion must remain local until Stage 9 review and upload gate,User goal and phase upload rule,validator and git status evidence,high,KMFA/AGENTS.md,KMFA/stage_artifacts/S09_P1_project_cost_fact_layer/machine/s09_p1_manifest.json,git status --short --branch,active,EXTRACTED,,0.1.0-s09p1-project-cost-fact-layer,2026-06-30,user_goal,false,precommit-pending,2026-06-30,pending_local_commit
PARAM-KMFA-457,MOD-KMFA-COST-001,FORM-KMFA-PROJECT-COST-FACT-LAYER-001,s09p1_formal_report_allowed,S09-P1 是否允许正式报告,governance,boolean,flag,false,false,false,,,,,false,false,S09-P1 blocks formal report until later quality and report gates,S09-P1 validator and scope boundary,validator and manifest,high,KMFA/tools/check_s09_p1_project_cost_fact_layer.py,KMFA/metadata/reports/project_cost_fact_layer_manifest.json,python3 KMFA/tools/check_s09_p1_project_cost_fact_layer.py,active,EXTRACTED,,0.1.0-s09p1-project-cost-fact-layer,2026-06-30,s09p1_validator,false,precommit-pending,2026-06-30,pending_local_commit
PARAM-KMFA-458,MOD-KMFA-COST-001,FORM-KMFA-MARGIN-CASH-MARGIN-001,margin_cash_margin_required_metrics,S09-P2 必需毛利与现金毛利指标,margin_cash_margin,string_list,metric,authority_gross_profit;system_recomputed_gross_profit;cash_gross_profit;gross_margin_rate,authority_gross_profit;system_recomputed_gross_profit;cash_gross_profit;gross_margin_rate,authority_gross_profit;system_recomputed_gross_profit;cash_gross_profit;gross_margin_rate,,,,,NOT_APPLICABLE,NOT_APPLICABLE,S09-P2 required margin metric slots,Roadmap S09-P2 T1,unit test and validator,high,KMFA/tools/project_margin_cash_margin.py,KMFA/metadata/reports/project_margin_cash_margin_manifest.json,python3 -m unittest KMFA.tests.test_project_margin_cash_margin -q; python3 KMFA/tools/check_s09_p2_margin_cash_margin.py,active,EXTRACTED,,0.1.0-s09p2-margin-cash-margin,2026-06-30,s09p2_manifest,authority_gross_profit;system_recomputed_gross_profit;cash_gross_profit;gross_margin_rate,precommit-pending,2026-06-30,pending_local_commit
PARAM-KMFA-459,MOD-KMFA-COST-001,FORM-KMFA-MARGIN-CASH-MARGIN-001,margin_cash_margin_record_count,S09-P2 margin record 数量,margin_cash_margin,integer,record_count,4,4,4,,,,,4,4,total public-safe margin records from S09-P2 manifest,S09-P2 manifest,validator count check,medium,KMFA/tools/project_margin_cash_margin.py,KMFA/metadata/lineage/project_margin_cash_margin_records.jsonl,python3 KMFA/tools/check_s09_p2_margin_cash_margin.py,active,EXTRACTED,,0.1.0-s09p2-margin-cash-margin,2026-06-30,s09p2_manifest,4,precommit-pending,2026-06-30,pending_local_commit
PARAM-KMFA-460,MOD-KMFA-COST-001,FORM-KMFA-MARGIN-CASH-MARGIN-001,scope_difference_summary_count,S09-P2 口径差异摘要数量,margin_cash_margin,integer,record_count,12,12,12,,,,,12,12,three difference summary records per margin record,Roadmap S09-P2 T3,validator count check,high,KMFA/tools/project_margin_cash_margin.py,KMFA/metadata/quality/scope_difference_summary.jsonl,python3 KMFA/tools/check_s09_p2_margin_cash_margin.py,active,EXTRACTED,,0.1.0-s09p2-margin-cash-margin,2026-06-30,s09p2_manifest,12,precommit-pending,2026-06-30,pending_local_commit
PARAM-KMFA-461,MOD-KMFA-COST-001,FORM-KMFA-MARGIN-CASH-MARGIN-001,s09p2_authority_system_overwrite_allowed,S09-P2 是否允许权威值与系统复算值互相覆盖,governance,boolean,flag,false,false,false,,,,,false,false,S09-P2 must preserve authority display values and system recomputed values separately,Roadmap S09-P2 T2,unit test and validator,high,KMFA/tools/check_s09_p2_margin_cash_margin.py,KMFA/metadata/reports/project_margin_cash_margin_manifest.json,python3 KMFA/tools/check_s09_p2_margin_cash_margin.py,active,EXTRACTED,,0.1.0-s09p2-margin-cash-margin,2026-06-30,s09p2_validator,false,precommit-pending,2026-06-30,pending_local_commit
PARAM-KMFA-462,MOD-KMFA-COST-001,FORM-KMFA-MARGIN-CASH-MARGIN-001,s09p2_phase_github_upload_allowed,S09-P2 Phase 完成是否允许上传 GitHub,governance,boolean,flag,false,false,false,,,,,false,false,phase completion must remain local until Stage 9 review and upload gate,User goal and phase upload rule,validator and git status evidence,high,KMFA/AGENTS.md,KMFA/stage_artifacts/S09_P2_margin_cash_margin/machine/s09_p2_manifest.json,git status --short --branch,active,EXTRACTED,,0.1.0-s09p2-margin-cash-margin,2026-06-30,user_goal,false,precommit-pending,2026-06-30,pending_local_commit
PARAM-KMFA-463,MOD-KMFA-COST-001,FORM-KMFA-MARGIN-CASH-MARGIN-001,s09p2_formal_report_allowed,S09-P2 是否允许正式报告,governance,boolean,flag,false,false,false,,,,,false,false,S09-P2 blocks formal report until S09-P3 and later report gates,S09-P2 validator and scope boundary,validator and manifest,high,KMFA/tools/check_s09_p2_margin_cash_margin.py,KMFA/metadata/reports/project_margin_cash_margin_manifest.json,python3 KMFA/tools/check_s09_p2_margin_cash_margin.py,active,EXTRACTED,,0.1.0-s09p2-margin-cash-margin,2026-06-30,s09p2_validator,false,precommit-pending,2026-06-30,pending_local_commit
PARAM-KMFA-464,MOD-KMFA-COST-001,FORM-KMFA-SCOPE-RECONCILIATION-001,scope_reconciliation_required_domains,S09-P3 必需口径核对域,scope_reconciliation,string_list,domain,contract_vs_project_revenue;project_cost_vs_finance_expense;bank_collection_vs_receivable_aging;invoice_vs_contract_settlement_tax;rd_expense_vs_project_personnel_evidence;authority_pdf_excel_vs_system_recomputed,contract_vs_project_revenue;project_cost_vs_finance_expense;bank_collection_vs_receivable_aging;invoice_vs_contract_settlement_tax;rd_expense_vs_project_personnel_evidence;authority_pdf_excel_vs_system_recomputed,contract_vs_project_revenue;project_cost_vs_finance_expense;bank_collection_vs_receivable_aging;invoice_vs_contract_settlement_tax;rd_expense_vs_project_personnel_evidence;authority_pdf_excel_vs_system_recomputed,,,,,NOT_APPLICABLE,NOT_APPLICABLE,S09-P3 required public-safe reconciliation domains,Roadmap S09-P3 T1 and TaskPack scope conversion requirements,unit test and validator,high,KMFA/tools/project_scope_reconciliation.py,KMFA/metadata/reports/project_scope_reconciliation_manifest.json,python3 -m unittest KMFA.tests.test_project_scope_reconciliation -q; python3 KMFA/tools/check_s09_p3_scope_reconciliation.py,active,EXTRACTED,,0.1.0-s09p3-scope-reconciliation,2026-06-30,s09p3_manifest,contract_vs_project_revenue;project_cost_vs_finance_expense;bank_collection_vs_receivable_aging;invoice_vs_contract_settlement_tax;rd_expense_vs_project_personnel_evidence;authority_pdf_excel_vs_system_recomputed,precommit-pending,2026-06-30,pending_local_commit
PARAM-KMFA-465,MOD-KMFA-COST-001,FORM-KMFA-SCOPE-RECONCILIATION-001,scope_reconciliation_record_count,S09-P3 口径核对记录数量,scope_reconciliation,integer,record_count,12,12,12,,,,,12,12,total public-safe reconciliation records from S09-P3 manifest,S09-P3 manifest,validator count check,high,KMFA/tools/project_scope_reconciliation.py,KMFA/metadata/quality/scope_reconciliation_records.jsonl,python3 KMFA/tools/check_s09_p3_scope_reconciliation.py,active,EXTRACTED,,0.1.0-s09p3-scope-reconciliation,2026-06-30,s09p3_manifest,12,precommit-pending,2026-06-30,pending_local_commit
PARAM-KMFA-466,MOD-KMFA-COST-001,FORM-KMFA-SCOPE-RECONCILIATION-001,scope_reconciliation_domain_control_count,S09-P3 核对域控制记录数量,scope_reconciliation,integer,record_count,6,6,6,,,,,6,6,total required domain control records from S09-P3 manifest,S09-P3 manifest,validator domain check,high,KMFA/tools/project_scope_reconciliation.py,KMFA/metadata/quality/scope_reconciliation_domain_controls.jsonl,python3 KMFA/tools/check_s09_p3_scope_reconciliation.py,active,EXTRACTED,,0.1.0-s09p3-scope-reconciliation,2026-06-30,s09p3_manifest,6,precommit-pending,2026-06-30,pending_local_commit
PARAM-KMFA-467,MOD-KMFA-COST-001,FORM-KMFA-SCOPE-RECONCILIATION-001,scope_reconciliation_confirmed_resolution_count,S09-P3 已确认处理记录数量,scope_reconciliation,integer,record_count,0,0,0,,,,,0,0,no owner or authorized review confirmations recorded in S09-P3,S09-P3 manifest,validator status check,high,KMFA/tools/project_scope_reconciliation.py,KMFA/metadata/reports/project_scope_reconciliation_manifest.json,python3 KMFA/tools/check_s09_p3_scope_reconciliation.py,active,EXTRACTED,,0.1.0-s09p3-scope-reconciliation,2026-06-30,s09p3_manifest,0,precommit-pending,2026-06-30,pending_local_commit
PARAM-KMFA-468,MOD-KMFA-COST-001,FORM-KMFA-SCOPE-RECONCILIATION-001,s09p3_derived_metric_rerun_allowed,S09-P3 是否允许派生指标重跑,governance,boolean,flag,false,false,false,,,,,false,false,derived metric rerun stays blocked until owner or authorized review confirms reconciliation,S09-P3 validator and manifest,validator and manifest,high,KMFA/tools/check_s09_p3_scope_reconciliation.py,KMFA/metadata/reports/project_scope_reconciliation_manifest.json,python3 KMFA/tools/check_s09_p3_scope_reconciliation.py,active,EXTRACTED,,0.1.0-s09p3-scope-reconciliation,2026-06-30,s09p3_validator,false,precommit-pending,2026-06-30,pending_local_commit
PARAM-KMFA-469,MOD-KMFA-COST-001,FORM-KMFA-SCOPE-RECONCILIATION-001,s09p3_formal_report_allowed,S09-P3 是否允许正式报告,governance,boolean,flag,false,false,false,,,,,false,false,S09-P3 blocks formal report until reconciliation confirmation lineage and report gates,S09-P3 validator and scope boundary,validator and manifest,high,KMFA/tools/check_s09_p3_scope_reconciliation.py,KMFA/metadata/reports/project_scope_reconciliation_manifest.json,python3 KMFA/tools/check_s09_p3_scope_reconciliation.py,active,EXTRACTED,,0.1.0-s09p3-scope-reconciliation,2026-06-30,s09p3_validator,false,precommit-pending,2026-06-30,pending_local_commit
PARAM-KMFA-470,MOD-KMFA-COST-001,FORM-KMFA-REPORT-TEMPLATE-001,report_template_required_template_ids,S10-P1 必需报告模板 ID,report_template,string_list,template_id,project_cost_special_report;business_overview_report,project_cost_special_report;business_overview_report,project_cost_special_report;business_overview_report,,,,,NOT_APPLICABLE,NOT_APPLICABLE,S10-P1 required report templates,Roadmap S10-P1 T1-T2 and HTML acceptance samples,unit test and validator,high,KMFA/tools/report_templates.py,KMFA/metadata/reports/report_template_manifest.json,python3 -m unittest KMFA.tests.test_report_templates -q; python3 KMFA/tools/check_s10_p1_report_templates.py,active,EXTRACTED,,0.1.0-s10p1-report-templates,2026-06-30,s10p1_manifest,project_cost_special_report;business_overview_report,precommit-pending,2026-06-30,pending_local_commit
PARAM-KMFA-471,MOD-KMFA-COST-001,FORM-KMFA-REPORT-TEMPLATE-001,report_template_section_count,S10-P1 报告章节数量,report_template,integer,section_count,11,11,11,,,,,11,11,total public-safe report template sections from S10-P1 manifest,S10-P1 manifest,validator count check,high,KMFA/tools/report_templates.py,KMFA/metadata/reports/report_template_sections.jsonl,python3 KMFA/tools/check_s10_p1_report_templates.py,active,EXTRACTED,,0.1.0-s10p1-report-templates,2026-06-30,s10p1_manifest,11,precommit-pending,2026-06-30,pending_local_commit
PARAM-KMFA-472,MOD-KMFA-COST-001,FORM-KMFA-REPORT-TEMPLATE-001,project_cost_report_section_titles,S10-P1 项目成本专题报告章节,report_template,string_list,section_title,经营摘要;项目毛利;成本结构;风险事项,经营摘要;项目毛利;成本结构;风险事项,经营摘要;项目毛利;成本结构;风险事项,,,,,NOT_APPLICABLE,NOT_APPLICABLE,required project cost special report management-readable sections,Roadmap S10-P1 T1,unit test and validator,high,KMFA/tools/report_templates.py,KMFA/metadata/reports/report_template_manifest.json,python3 -m unittest KMFA.tests.test_report_templates -q; python3 KMFA/tools/check_s10_p1_report_templates.py,active,EXTRACTED,,0.1.0-s10p1-report-templates,2026-06-30,s10p1_manifest,经营摘要;项目毛利;成本结构;风险事项,precommit-pending,2026-06-30,pending_local_commit
PARAM-KMFA-473,MOD-KMFA-COST-001,FORM-KMFA-REPORT-TEMPLATE-001,business_overview_report_section_titles,S10-P1 经营总览报告章节,report_template,string_list,section_title,经营总览;收入;开票;回款;现金;项目;税务,经营总览;收入;开票;回款;现金;项目;税务,经营总览;收入;开票;回款;现金;项目;税务,,,,,NOT_APPLICABLE,NOT_APPLICABLE,required business overview report management-readable sections,Roadmap S10-P1 T2,unit test and validator,high,KMFA/tools/report_templates.py,KMFA/metadata/reports/report_template_manifest.json,python3 -m unittest KMFA.tests.test_report_templates -q; python3 KMFA/tools/check_s10_p1_report_templates.py,active,EXTRACTED,,0.1.0-s10p1-report-templates,2026-06-30,s10p1_manifest,经营总览;收入;开票;回款;现金;项目;税务,precommit-pending,2026-06-30,pending_local_commit
PARAM-KMFA-474,MOD-KMFA-COST-001,FORM-KMFA-REPORT-TEMPLATE-001,s10p1_formal_report_allowed,S10-P1 是否允许正式报告,governance,boolean,flag,false,false,false,,,,,false,false,S10-P1 only creates templates and blocks formal report runtime until later gates,S10-P1 validator and manifest,validator and manifest,high,KMFA/tools/check_s10_p1_report_templates.py,KMFA/metadata/reports/report_template_manifest.json,python3 KMFA/tools/check_s10_p1_report_templates.py,active,EXTRACTED,,0.1.0-s10p1-report-templates,2026-06-30,s10p1_validator,false,precommit-pending,2026-06-30,pending_local_commit
PARAM-KMFA-475,MOD-KMFA-COST-001,FORM-KMFA-REPORT-TEMPLATE-001,s10p1_export_scope_allowed,S10-P1 是否包含导出范围,governance,boolean,flag,false,false,false,,,,,false,false,S10-P1 must not implement HTML CSV Excel PDF export until S10-P3,Roadmap S10-P1 boundary,validator and manifest,high,KMFA/tools/check_s10_p1_report_templates.py,KMFA/metadata/reports/report_template_manifest.json,python3 KMFA/tools/check_s10_p1_report_templates.py,active,EXTRACTED,,0.1.0-s10p1-report-templates,2026-06-30,s10p1_validator,false,precommit-pending,2026-06-30,pending_local_commit
PARAM-KMFA-476,MOD-KMFA-COST-001,FORM-KMFA-REPORT-GRADE-RUNTIME-001,report_grade_allowed_grades,S10-P2 允许报告可信等级集合,report_grade,string_list,grade,A;B;C;D,A;B;C;D,A;B;C;D,,,,,NOT_APPLICABLE,NOT_APPLICABLE,allowed report grades for S10-P2 runtime,Roadmap S10-P2 T1 and S02-P3 policy,unit test and validator,high,KMFA/tools/report_grade_runtime.py,KMFA/metadata/reports/report_grade_runtime_manifest.json,python3 -m unittest KMFA.tests.test_report_grade_runtime -q; python3 KMFA/tools/check_s10_p2_report_grade_runtime.py,active,EXTRACTED,,0.1.0-s10p2-report-grade-runtime,2026-06-30,s10p2_manifest,A;B;C;D,precommit-pending,2026-06-30,pending_local_commit
PARAM-KMFA-477,MOD-KMFA-COST-001,FORM-KMFA-REPORT-GRADE-RUNTIME-001,report_grade_runtime_record_count,S10-P2 报告等级记录数量,report_grade,integer,record_count,2,2,2,,,,,2,2,total report grade runtime records from S10-P2 manifest,S10-P2 manifest,validator count check,high,KMFA/tools/report_grade_runtime.py,KMFA/metadata/reports/report_grade_runtime_records.jsonl,python3 KMFA/tools/check_s10_p2_report_grade_runtime.py,active,EXTRACTED,,0.1.0-s10p2-report-grade-runtime,2026-06-30,s10p2_manifest,2,precommit-pending,2026-06-30,pending_local_commit
PARAM-KMFA-478,MOD-KMFA-COST-001,FORM-KMFA-REPORT-GRADE-RUNTIME-001,report_grade_pending_reconciliation_count,S10-P2 待复核差异数量,report_grade,integer,record_count,12,12,12,,,,,12,12,pending owner or authorized reconciliation records block full trusted reports,S09-P3 manifest and S10-P2 validator,validator count check,high,KMFA/tools/check_s10_p2_report_grade_runtime.py,KMFA/metadata/reports/project_scope_reconciliation_manifest.json,python3 KMFA/tools/check_s10_p2_report_grade_runtime.py,active,EXTRACTED,,0.1.0-s10p2-report-grade-runtime,2026-06-30,s09p3_manifest,12,precommit-pending,2026-06-30,pending_local_commit
PARAM-KMFA-479,MOD-KMFA-COST-001,FORM-KMFA-REPORT-GRADE-RUNTIME-001,report_grade_zero_delta_passed,S10-P2 zero-delta 是否通过,report_grade,boolean,flag,false,false,false,,,,,false,false,zero-delta failed blocks complete trusted report display,S06-P3 zero_delta_results and S10-P2 validator,validator status check,high,KMFA/tools/check_s10_p2_report_grade_runtime.py,KMFA/metadata/quality/zero_delta_results.jsonl,python3 KMFA/tools/check_s10_p2_report_grade_runtime.py,active,EXTRACTED,,0.1.0-s10p2-report-grade-runtime,2026-06-30,s06p3_zero_delta,false,precommit-pending,2026-06-30,pending_local_commit
PARAM-KMFA-480,MOD-KMFA-COST-001,FORM-KMFA-REPORT-GRADE-RUNTIME-001,report_grade_full_trusted_report_allowed,S10-P2 是否允许显示完整可信报告,governance,boolean,flag,false,false,false,,,,,false,false,full trusted report display remains blocked when grade is D,S10-P2 validator and manifest,validator status check,high,KMFA/tools/check_s10_p2_report_grade_runtime.py,KMFA/metadata/reports/report_grade_runtime_manifest.json,python3 KMFA/tools/check_s10_p2_report_grade_runtime.py,active,EXTRACTED,,0.1.0-s10p2-report-grade-runtime,2026-06-30,s10p2_validator,false,precommit-pending,2026-06-30,pending_local_commit
PARAM-KMFA-481,MOD-KMFA-COST-001,FORM-KMFA-REPORT-GRADE-RUNTIME-001,report_grade_version_binding_required,S10-P2 是否要求每条报告记录绑定版本,governance,boolean,flag,true,true,true,,,,,true,true,each report grade record must bind report template formula mapping and field mapping versions,Roadmap S10-P2 T3 and S10-P2 validator,unit test and validator,high,KMFA/tools/report_grade_runtime.py,KMFA/metadata/reports/report_grade_runtime_records.jsonl,python3 -m unittest KMFA.tests.test_report_grade_runtime -q; python3 KMFA/tools/check_s10_p2_report_grade_runtime.py,active,EXTRACTED,,0.1.0-s10p2-report-grade-runtime,2026-06-30,s10p2_records,true,precommit-pending,2026-06-30,pending_local_commit
PARAM-KMFA-482,MOD-KMFA-COST-001,FORM-KMFA-REPORT-GRADE-RUNTIME-001,s10p2_export_scope_allowed,S10-P2 是否包含导出范围,governance,boolean,flag,false,false,false,,,,,false,false,S10-P2 must not implement report export until S10-P3,Roadmap S10-P2 boundary and S10-P2 validator,validator and manifest,high,KMFA/tools/check_s10_p2_report_grade_runtime.py,KMFA/metadata/reports/report_grade_runtime_manifest.json,python3 KMFA/tools/check_s10_p2_report_grade_runtime.py,active,EXTRACTED,,0.1.0-s10p2-report-grade-runtime,2026-06-30,s10p2_validator,false,precommit-pending,2026-06-30,pending_local_commit
