requirement_id,model_id,assumption_id,formula_id,parameter_id,task_id,acceptance_id,code_ref,config_ref,test_ref,evidence_ref,status
REQ-P0-001,MOD-KMFA-COST-001,ASM-KMFA-003,FORM-KMFA-AMOUNT-001,PARAM-KMFA-101,S3PAT01,ACC-ZERO-DELTA,planned,KMFA/metadata/traceability/requirements.csv,test_zero_delta_a0,KMFA/metadata/stage_status.jsonl,planned
REQ-P0-002,MOD-KMFA-COST-001,ASM-KMFA-003,FORM-KMFA-AMOUNT-001,PARAM-KMFA-101,S4PAT01,ACC-AMOUNT-STRICT,planned,KMFA/metadata/traceability/requirements.csv,test_amount_precision,KMFA/metadata/stage_status.jsonl,planned
REQ-P0-003,MOD-KMFA-GOV-001,ASM-KMFA-002,FORM-KMFA-GOV-001,PARAM-KMFA-004,S2PAT01,ACC-RAW-IMMUTABLE,KMFA/AGENTS.md,KMFA/metadata/traceability/requirements.csv,test_raw_immutable,KMFA/metadata/stage_status.jsonl,planned
REQ-P0-004,MOD-KMFA-COST-001,ASM-KMFA-003,FORM-KMFA-AMOUNT-001,PARAM-KMFA-101,S2PAT01,ACC-RERUN-CONSISTENCY,planned,KMFA/metadata/traceability/requirements.csv,test_rerun_consistency,KMFA/metadata/stage_status.jsonl,planned
REQ-P0-005,MOD-KMFA-COST-001,ASM-KMFA-003,FORM-KMFA-AMOUNT-001,PARAM-KMFA-101,S9PAT01,ACC-ADJUSTMENT-READABLE,planned,KMFA/metadata/traceability/requirements.csv,test_adjustment_lineage,KMFA/metadata/stage_status.jsonl,planned
REQ-P0-006,MOD-KMFA-COST-001,ASM-KMFA-003,FORM-KMFA-AMOUNT-001,PARAM-KMFA-101,S3PAT01,ACC-DATA-CHECKBOARD,planned,KMFA/metadata/traceability/requirements.csv,test_readiness_board,KMFA/metadata/stage_status.jsonl,planned
REQ-P0-007,MOD-KMFA-COST-001,ASM-KMFA-003,FORM-KMFA-AMOUNT-001,PARAM-KMFA-101,S10PAT01,ACC-UI-HUMAN,planned,KMFA/metadata/traceability/requirements.csv,ui_review_checklist,KMFA/metadata/stage_status.jsonl,planned
REQ-P0-008,MOD-KMFA-GOV-001,ASM-KMFA-002,FORM-KMFA-GOV-001,PARAM-KMFA-001,S1PAT01,ACC-TIME-QUALITY,KMFA/AGENTS.md,KMFA/metadata/traceability/requirements.csv,go_no_go_check,KMFA/metadata/stage_status.jsonl,stage1_bound_future_stage_pending
REQ-P1-009,MOD-KMFA-COST-001,ASM-KMFA-003,FORM-KMFA-AMOUNT-001,PARAM-KMFA-101,S13PAT01,ACC-FINANCE-REPORT,planned,KMFA/metadata/traceability/requirements.csv,test_finance_report,KMFA/metadata/stage_status.jsonl,planned
REQ-P1-010,MOD-KMFA-COST-001,ASM-KMFA-003,FORM-KMFA-AMOUNT-001,PARAM-KMFA-101,S13PAT01,ACC-AR-CHECK,planned,KMFA/metadata/traceability/requirements.csv,test_ar_aging,KMFA/metadata/stage_status.jsonl,planned
REQ-P1-011,MOD-KMFA-COST-001,ASM-KMFA-003,FORM-KMFA-AMOUNT-001,PARAM-KMFA-101,S15PAT01,ACC-PERFORMANCE-FACTS,planned,KMFA/metadata/traceability/requirements.csv,test_performance_facts,KMFA/metadata/stage_status.jsonl,planned
REQ-P1-012,MOD-KMFA-COST-001,ASM-KMFA-003,FORM-KMFA-AMOUNT-001,PARAM-KMFA-101,S14PAT01,ACC-CASH-PLAN,planned,KMFA/metadata/traceability/requirements.csv,test_cash_plan,KMFA/metadata/stage_status.jsonl,planned
REQ-P1-013,MOD-KMFA-COST-001,ASM-KMFA-003,FORM-KMFA-AMOUNT-001,PARAM-KMFA-101,S14PAT01,ACC-TAX-EVIDENCE,planned,KMFA/metadata/traceability/requirements.csv,test_tax_evidence,KMFA/metadata/stage_status.jsonl,planned
REQ-P1-014,MOD-KMFA-COST-001,ASM-KMFA-003,FORM-KMFA-S16P1-SUBCONTRACT-PROCUREMENT-AGGREGATION-001,PARAM-KMFA-568,S16PAT01,ACC-SUBCONTRACT,KMFA/tools/subcontract_procurement_aggregation.py,KMFA/metadata/reports/subcontract_procurement_aggregation_manifest.json,PYTHONDONTWRITEBYTECODE=1 python3 KMFA/tools/check_s16_p1_subcontract_procurement.py,KMFA/stage_artifacts/S16_P1_subcontract_procurement_aggregation/human/test_results.md,machine_verified
REQ-P1-015,MOD-KMFA-COST-001,ASM-KMFA-003,FORM-KMFA-S16P2-PROJECT-STATUS-LIFECYCLE-001,PARAM-KMFA-576,S16PBT01,ACC-PROJECT-LIFECYCLE,KMFA/tools/project_status_lifecycle.py,KMFA/metadata/reports/project_status_lifecycle_manifest.json,PYTHONDONTWRITEBYTECODE=1 python3 KMFA/tools/check_s16_p2_project_status_lifecycle.py,KMFA/stage_artifacts/S16_P2_project_status_lifecycle/human/test_results.md,machine_verified
REQ-P1-016,MOD-KMFA-COST-001,ASM-KMFA-003,FORM-KMFA-S16P3-CUSTOMER-BUSINESS-ANALYSIS-001,PARAM-KMFA-585,S16PCT01,ACC-CUSTOMER-BUSINESS-ANALYSIS,KMFA/tools/customer_business_analysis.py,KMFA/metadata/reports/customer_business_analysis_manifest.json,PYTHONDONTWRITEBYTECODE=1 python3 KMFA/tools/check_s16_p3_customer_business_analysis.py,KMFA/stage_artifacts/S16_P3_customer_business_analysis/human/test_results.md,machine_verified
REQ-P2-017,MOD-KMFA-GOV-001,ASM-KMFA-004,FORM-KMFA-S17P3-OPERATIONS-SOP-001,PARAM-KMFA-604,S17PCT01,ACC-OPERATIONS-SOP,KMFA/tools/operations_sop.py,KMFA/metadata/operations/operations_sop_manifest.json,PYTHONDONTWRITEBYTECODE=1 PYTHONPATH=. python3 KMFA/tools/check_s17_p3_operations_sop.py,KMFA/stage_artifacts/S17_P3_operations_sop/human/test_results.md,machine_verified_s17p3_complete
REQ-P2-018,MOD-KMFA-COST-001,ASM-KMFA-003,FORM-KMFA-AMOUNT-001,PARAM-KMFA-101,S7PAT01,ACC-REDCIRCLE-LATER,planned,KMFA/metadata/traceability/requirements.csv,connector_plan_check,KMFA/metadata/stage_status.jsonl,planned
REQ-P2-019,MOD-KMFA-GOV-001,ASM-KMFA-002,FORM-KMFA-S18P3-INTEGRATION-PREPARATION-001,PARAM-KMFA-626,S18PCT02,ACC-OPME-HANDOFF,KMFA/tools/integration_preparation.py,KMFA/metadata/integration/integration_preparation_manifest.json,PYTHONDONTWRITEBYTECODE=1 PYTHONPATH=. python3 KMFA/tools/check_s18_p3_integration_preparation.py,KMFA/stage_artifacts/S18_P3_integration_preparation/human/test_results.md,machine_verified_s18p3_local_stage18_review_pending
REQ-P2-020,MOD-KMFA-GOV-001,ASM-KMFA-002,FORM-KMFA-S18-STAGE-REVIEW-001,PARAM-KMFA-638,KMFA-S18-STAGE-REVIEW-20260701,ACC-S18-STAGE-REVIEW,KMFA/tools/check_s18_stage_review.py,KMFA/metadata/quality/stage18_go_no_go_review.json,PYTHONDONTWRITEBYTECODE=1 PYTHONPATH=. python3 KMFA/tools/check_s18_stage_review.py,KMFA/stage_artifacts/S18_STAGE_REVIEW/human/test_results.md,machine_verified_s18_review_local_upload_pending_no_go
REQ-P2-021,MOD-KMFA-GOV-001,ASM-KMFA-002,FORM-KMFA-GOV-001,PARAM-KMFA-002,KMFA-S18-GITHUB-UPLOAD-20260701,ACC-S18-GITHUB-UPLOAD,KMFA/stage_artifacts/S18_GITHUB_UPLOAD/human/github_upload_record.md,KMFA/stage_artifacts/S18_GITHUB_UPLOAD/machine/stage18_upload_manifest.json,PYTHONDONTWRITEBYTECODE=1 PYTHONPATH=. python3 KMFA/tools/check_s18_stage_review.py,KMFA/stage_artifacts/S18_GITHUB_UPLOAD/human/github_upload_record.md,machine_verified_s18_uploaded_no_go
REQ-P2-022,MOD-KMFA-GOV-001,ASM-KMFA-002,FORM-KMFA-GOV-001,PARAM-KMFA-640,KMFA-PART1-STAGES-01-03-REVIEW-20260702,ACC-POST-S18-PART1-REVIEW,KMFA/tools/check_part1_stages_01_03_review.py,KMFA/stage_artifacts/PART1_STAGES_01_03_REVIEW/machine/part1_review_manifest.json,PYTHONDONTWRITEBYTECODE=1 PYTHONPATH=. python3 KMFA/tools/check_part1_stages_01_03_review.py,KMFA/stage_artifacts/PART1_STAGES_01_03_REVIEW/human/test_results.md,machine_verified_part1_review_local_only
REQ-P2-023,MOD-KMFA-GOV-001,ASM-KMFA-002,FORM-KMFA-GOV-001,PARAM-KMFA-643,KMFA-PART2-STAGES-04-06-REVIEW-20260702,ACC-POST-S18-PART2-REVIEW,KMFA/tools/check_part2_stages_04_06_review.py,KMFA/stage_artifacts/PART2_STAGES_04_06_REVIEW/machine/part2_review_manifest.json,PYTHONDONTWRITEBYTECODE=1 PYTHONPATH=. python3 KMFA/tools/check_part2_stages_04_06_review.py,KMFA/stage_artifacts/PART2_STAGES_04_06_REVIEW/human/test_results.md,machine_verified_part2_review_local_only
REQ-P2-024,MOD-KMFA-GOV-001,ASM-KMFA-002,FORM-KMFA-GOV-001,PARAM-KMFA-646,KMFA-PART3-STAGES-07-09-REVIEW-20260702,ACC-POST-S18-PART3-REVIEW,KMFA/tools/check_part3_stages_07_09_review.py,KMFA/stage_artifacts/PART3_STAGES_07_09_REVIEW/machine/part3_review_manifest.json,PYTHONDONTWRITEBYTECODE=1 PYTHONPATH=. python3 KMFA/tools/check_part3_stages_07_09_review.py,KMFA/stage_artifacts/PART3_STAGES_07_09_REVIEW/human/test_results.md,machine_verified_part3_review_local_only
REQ-P2-025,MOD-KMFA-GOV-001,ASM-KMFA-002,FORM-KMFA-GOV-001,PARAM-KMFA-649,KMFA-PART4-STAGES-10-12-REVIEW-20260702,ACC-POST-S18-PART4-REVIEW,KMFA/tools/check_part4_stages_10_12_review.py,KMFA/stage_artifacts/PART4_STAGES_10_12_REVIEW/machine/part4_review_manifest.json,PYTHONDONTWRITEBYTECODE=1 PYTHONPATH=. python3 KMFA/tools/check_part4_stages_10_12_review.py,KMFA/stage_artifacts/PART4_STAGES_10_12_REVIEW/human/test_results.md,machine_verified_part4_review_local_only
REQ-P2-026,MOD-KMFA-GOV-001,ASM-KMFA-002,FORM-KMFA-GOV-001,PARAM-KMFA-652,KMFA-PART5-STAGES-13-15-REVIEW-20260702,ACC-POST-S18-PART5-REVIEW,KMFA/tools/check_part5_stages_13_15_review.py,KMFA/stage_artifacts/PART5_STAGES_13_15_REVIEW/machine/part5_review_manifest.json,PYTHONDONTWRITEBYTECODE=1 PYTHONPATH=. python3 KMFA/tools/check_part5_stages_13_15_review.py,KMFA/stage_artifacts/PART5_STAGES_13_15_REVIEW/human/test_results.md,machine_verified_part5_review_local_only
REQ-P2-027,MOD-KMFA-GOV-001,ASM-KMFA-002,FORM-KMFA-GOV-001,PARAM-KMFA-655,KMFA-PART6-STAGES-16-18-REVIEW-20260702,ACC-POST-S18-PART6-REVIEW,KMFA/tools/check_part6_stages_16_18_review.py,KMFA/stage_artifacts/PART6_STAGES_16_18_REVIEW/machine/part6_review_manifest.json,PYTHONDONTWRITEBYTECODE=1 PYTHONPATH=. python3 KMFA/tools/check_part6_stages_16_18_review.py,KMFA/stage_artifacts/PART6_STAGES_16_18_REVIEW/human/test_results.md,machine_verified_part6_review_local_only_no_go
REQ-P2-028,MOD-KMFA-GOV-001,ASM-KMFA-002,FORM-KMFA-GOV-001,PARAM-KMFA-658,KMFA-WHOLE-PROJECT-FINAL-REVIEW-20260702,ACC-POST-S18-WHOLE-PROJECT-REVIEW,KMFA/tools/check_whole_project_final_review.py,KMFA/stage_artifacts/WHOLE_PROJECT_FINAL_REVIEW/machine/whole_project_final_review_manifest.json,PYTHONDONTWRITEBYTECODE=1 PYTHONPATH=. python3 KMFA/tools/check_whole_project_final_review.py,KMFA/stage_artifacts/WHOLE_PROJECT_FINAL_REVIEW/human/test_results.md,machine_verified_whole_project_review_local_only_no_go
REQ-P2-029,MOD-KMFA-GOV-001,ASM-KMFA-002,FORM-KMFA-GOV-001,PARAM-KMFA-666,KMFA-LINEAGE-REPORT-GATE-PENDING_OWNER_SCOPE-20260702,ACC-POST-S18-LINEAGE-REPORT-GATE,KMFA/tools/check_lineage_report_gate.py,KMFA/metadata/quality/lineage_report_release_gate_review.json,PYTHONDONTWRITEBYTECODE=1 PYTHONPATH=. python3 KMFA/tools/check_lineage_report_gate.py,KMFA/stage_artifacts/LINEAGE_REPORT_GATE/human/test_results.md,machine_verified_lineage_report_gate_blocked_no_go
REQ-P0-020,MOD-KMFA-GOV-001,ASM-KMFA-002,FORM-KMFA-GOV-001,PARAM-KMFA-001,S1PAT01,ACC-NO-OMISSION,KMFA/AGENTS.md,KMFA/metadata/traceability/requirements.csv,no_omission_check,KMFA/metadata/stage_status.jsonl,stage1_bound_future_stage_pending
REQ-P2-030,MOD-KMFA-GOV-001,ASM-KMFA-002,FORM-KMFA-GOV-001,PARAM-KMFA-673,KMFA-FINAL-GITHUB-BACKUP-NO-GO-20260702,ACC-POST-S18-FINAL-NO-GO-BACKUP-UPLOAD,KMFA/tools/check_final_no_go_backup_upload.py,KMFA/stage_artifacts/FINAL_GITHUB_BACKUP/machine/final_no_go_backup_upload_manifest.json,PYTHONDONTWRITEBYTECODE=1 PYTHONPATH=. python3 KMFA/tools/check_final_no_go_backup_upload.py,KMFA/stage_artifacts/FINAL_GITHUB_BACKUP/human/test_results.md,machine_verified_final_no_go_backup_upload
REQ-P2-031,MOD-KMFA-GOV-001,ASM-KMFA-002,FORM-KMFA-GOV-001,PARAM-KMFA-677,KMFA-V013-S00-P1-DOWNLOADS-APP-ENTRY-20260702,ACC-V013-S00-APP-ENTRY,KMFA/tools/check_v013_s00_app_entry.py,KMFA/stage_artifacts/V013_S00_APP_ENTRY/machine/app_entry_manifest.json,PYTHONDONTWRITEBYTECODE=1 PYTHONPATH=. python3 KMFA/tools/check_v013_s00_app_entry.py,KMFA/stage_artifacts/V013_S00_APP_ENTRY/human/test_results.md,machine_verified_v013_s00p1_local_only_no_go
REQ-P2-032,MOD-KMFA-GOV-001,ASM-KMFA-002,FORM-KMFA-GOV-001,PARAM-KMFA-680,KMFA-V013-S01-P1-CURRENT-STATE-PREFLIGHT-20260702,ACC-V013-S01-P1-CURRENT-STATE-PREFLIGHT,KMFA/tools/check_v013_s01_p1_preflight.py,KMFA/stage_artifacts/V013_S01_PRECHECK/machine/s01_p1_preflight_manifest.json,PYTHONDONTWRITEBYTECODE=1 PYTHONPATH=. python3 KMFA/tools/check_v013_s01_p1_preflight.py,KMFA/stage_artifacts/V013_S01_PRECHECK/human/test_results.md,machine_verified_v013_s01p1_current_state_no_go
REQ-P2-033,MOD-KMFA-GOV-001,ASM-KMFA-002,FORM-KMFA-GOV-001,PARAM-KMFA-684,KMFA-V013-S01-P2-SCOPE-FREEZE-20260702,ACC-V013-S01-P2-SCOPE-FREEZE,KMFA/tools/check_v013_s01_p2_scope_freeze.py,KMFA/stage_artifacts/V013_S01_SCOPE_FREEZE/machine/s01_p2_scope_freeze_manifest.json,PYTHONDONTWRITEBYTECODE=1 PYTHONPATH=. python3 KMFA/tools/check_v013_s01_p2_scope_freeze.py,KMFA/stage_artifacts/V013_S01_SCOPE_FREEZE/human/test_results.md,machine_verified_v013_s01p2_scope_freeze_no_go
REQ-P2-034,MOD-KMFA-GOV-001,ASM-KMFA-002,FORM-KMFA-GOV-001,PARAM-KMFA-690,KMFA-V013-S01-P3-NO-OMISSION-GATE-20260702,ACC-V013-S01-P3-NO-OMISSION-GATE,KMFA/tools/check_v013_s01_p3_no_omission_gate.py,KMFA/stage_artifacts/V013_S01_NO_OMISSION_GATE/machine/s01_p3_no_omission_gate_manifest.json,PYTHONDONTWRITEBYTECODE=1 PYTHONPATH=. python3 KMFA/tools/check_v013_s01_p3_no_omission_gate.py,KMFA/stage_artifacts/V013_S01_NO_OMISSION_GATE/human/test_results.md,machine_verified_v013_s01p3_no_omission_gate_local_only_no_go
REQ-P2-035,MOD-KMFA-GOV-001,ASM-KMFA-002,FORM-KMFA-GOV-001,PARAM-KMFA-696,KMFA-V013-S01-STAGE-REVIEW-20260702,ACC-V013-S01-STAGE-REVIEW,KMFA/tools/check_v013_s01_stage_review.py,KMFA/stage_artifacts/V013_S01_STAGE_REVIEW/machine/stage1_review_manifest.json,PYTHONDONTWRITEBYTECODE=1 PYTHONPATH=. python3 KMFA/tools/check_v013_s01_stage_review.py,KMFA/stage_artifacts/V013_S01_STAGE_REVIEW/human/test_results.md,machine_verified_v013_s01_stage_review_local_only_no_go_upload_pending
REQ-P2-036,MOD-KMFA-GOV-001,ASM-KMFA-002,FORM-KMFA-GOV-001,PARAM-KMFA-702,KMFA-V013-S02-P1-RAW-READINESS-20260702,ACC-V013-S02-P1-RAW-READINESS,KMFA/tools/check_v013_s02_p1_raw_readiness.py,KMFA/stage_artifacts/V013_S02_P1_RAW_READINESS/machine/raw_readiness_manifest.json,PYTHONDONTWRITEBYTECODE=1 PYTHONPATH=. python3 KMFA/tools/check_v013_s02_p1_raw_readiness.py,KMFA/stage_artifacts/V013_S02_P1_RAW_READINESS/human/test_results.md,machine_verified_v013_s02p1_raw_readiness_local_only_upload_deferred
REQ-P2-037,MOD-KMFA-GOV-001,ASM-KMFA-002,FORM-KMFA-GOV-001,PARAM-KMFA-709,KMFA-V013-S02-P2-RAW-MAPPING-READINESS-20260702,ACC-V013-S02-P2-RAW-MAPPING-READINESS,KMFA/tools/check_v013_s02_p2_raw_mapping_readiness.py,KMFA/stage_artifacts/V013_S02_P2_RAW_MAPPING_READINESS/machine/raw_mapping_readiness_manifest.json,PYTHONDONTWRITEBYTECODE=1 PYTHONPATH=. python3 KMFA/tools/check_v013_s02_p2_raw_mapping_readiness.py,KMFA/stage_artifacts/V013_S02_P2_RAW_MAPPING_READINESS/human/test_results.md,machine_verified_v013_s02p2_raw_mapping_readiness_local_only_value_matching_blocked
REQ-P2-038,MOD-KMFA-GOV-001,ASM-KMFA-002,FORM-KMFA-GOV-001,PARAM-KMFA-718,KMFA-V013-S02-P3-DATA-QUALITY-ERROR-GATE-20260702,ACC-V013-S02-P3-DATA-QUALITY-ERROR-GATE,KMFA/tools/check_v013_s02_p3_data_quality_error_gate.py,KMFA/stage_artifacts/V013_S02_P3_DATA_QUALITY_ERROR_GATE/machine/data_quality_error_gate_manifest.json,PYTHONDONTWRITEBYTECODE=1 PYTHONPATH=. python3 KMFA/tools/check_v013_s02_p3_data_quality_error_gate.py,KMFA/stage_artifacts/V013_S02_P3_DATA_QUALITY_ERROR_GATE/human/test_results.md,machine_verified_v013_s02p3_data_quality_error_gate_local_only_release_blocked
REQ-P2-039,MOD-KMFA-GOV-001,ASM-KMFA-002,FORM-KMFA-GOV-001,PARAM-KMFA-728,KMFA-V013-S02-STAGE-REVIEW-20260702,ACC-V013-S02-STAGE-REVIEW,KMFA/tools/check_v013_s02_stage_review.py,KMFA/stage_artifacts/V013_S02_STAGE_REVIEW/machine/stage2_review_manifest.json,PYTHONDONTWRITEBYTECODE=1 PYTHONPATH=. python3 KMFA/tools/check_v013_s02_stage_review.py,KMFA/stage_artifacts/V013_S02_STAGE_REVIEW/human/test_results.md,machine_verified_v013_s02_stage_review_local_only_no_go_upload_deferred
REQ-P2-040,MOD-KMFA-FILE-IMPORT-001,ASM-KMFA-002,FORM-KMFA-GOV-001,PARAM-KMFA-736,KMFA-V013-S03-P1-FILE-IMPORT-REGISTER-20260702,ACC-V013-S03-P1-FILE-IMPORT-REGISTER,KMFA/tools/check_v013_s03_p1_file_import_register.py,KMFA/stage_artifacts/V013_S03_P1_FILE_IMPORT_REGISTER/machine/file_import_register_manifest.json,PYTHONDONTWRITEBYTECODE=1 PYTHONPATH=. python3 KMFA/tools/check_v013_s03_p1_file_import_register.py,KMFA/stage_artifacts/V013_S03_P1_FILE_IMPORT_REGISTER/human/test_results.md,machine_verified_v013_s03p1_file_import_register_local_only_upload_deferred
REQ-P2-041,MOD-KMFA-SOURCE-CHECK-001,ASM-KMFA-002,FORM-KMFA-GOV-001,PARAM-KMFA-744,KMFA-V013-S03-P2-SOURCE-CHECK-MATRIX-20260702,ACC-V013-S03-P2-SOURCE-CHECK-MATRIX,KMFA/tools/check_v013_s03_p2_source_check_matrix.py,KMFA/stage_artifacts/V013_S03_P2_SOURCE_CHECK_MATRIX/machine/source_check_matrix_manifest.json,PYTHONDONTWRITEBYTECODE=1 PYTHONPATH=. python3 KMFA/tools/check_v013_s03_p2_source_check_matrix.py,KMFA/stage_artifacts/V013_S03_P2_SOURCE_CHECK_MATRIX/human/test_results.md,machine_verified_v013_s03p2_source_check_matrix_local_only_upload_deferred
REQ-P2-042,MOD-KMFA-SOURCE-PRIORITY-001,ASM-KMFA-002,FORM-KMFA-SOURCE-PRIORITY-001,PARAM-KMFA-752,KMFA-V013-S03-P3-SOURCE-PRIORITY-20260702,ACC-V013-S03-P3-SOURCE-PRIORITY,KMFA/tools/check_v013_s03_p3_source_priority.py,KMFA/stage_artifacts/V013_S03_P3_SOURCE_PRIORITY/machine/source_priority_manifest.json,PYTHONDONTWRITEBYTECODE=1 PYTHONPATH=. python3 KMFA/tools/check_v013_s03_p3_source_priority.py,KMFA/stage_artifacts/V013_S03_P3_SOURCE_PRIORITY/human/test_results.md,machine_verified_v013_s03p3_source_priority_local_only_upload_deferred
REQ-P2-043,MOD-KMFA-GOV-001,ASM-KMFA-002,FORM-KMFA-GOV-001,PARAM-KMFA-760,KMFA-V013-S03-STAGE-REVIEW-20260702,ACC-V013-S03-STAGE-REVIEW,KMFA/tools/check_v013_s03_stage_review.py,KMFA/stage_artifacts/V013_S03_STAGE_REVIEW/machine/stage3_review_manifest.json,PYTHONDONTWRITEBYTECODE=1 PYTHONPATH=. python3 KMFA/tools/check_v013_s03_stage_review.py,KMFA/stage_artifacts/V013_S03_STAGE_REVIEW/human/test_results.md,machine_verified_v013_s03_stage_review_local_only_upload_ready_next_gate
REQ-P2-044,MOD-KMFA-COST-001,ASM-KMFA-002,FORM-KMFA-AMOUNT-001,PARAM-KMFA-767,KMFA-V013-S04-P1-AMOUNT-PRECISION-20260702,ACC-V013-S04-P1-AMOUNT-PRECISION,KMFA/tools/check_v013_s04_p1_amount_precision.py,KMFA/stage_artifacts/V013_S04_P1_AMOUNT_PRECISION/machine/amount_precision_manifest.json,PYTHONDONTWRITEBYTECODE=1 PYTHONPATH=. python3 KMFA/tools/check_v013_s04_p1_amount_precision.py,KMFA/stage_artifacts/V013_S04_P1_AMOUNT_PRECISION/human/test_results.md,machine_verified_v013_s04_p1_amount_precision_local_only
REQ-P2-045,MOD-KMFA-COST-001,ASM-KMFA-002,FORM-KMFA-FIELD-STANDARDIZATION-001,PARAM-KMFA-775,KMFA-V013-S04-P2-FIELD-STANDARDIZATION-20260702,ACC-V013-S04-P2-FIELD-STANDARDIZATION,KMFA/tools/check_v013_s04_p2_field_standardization.py,KMFA/stage_artifacts/V013_S04_P2_FIELD_STANDARDIZATION/machine/field_standardization_manifest.json,PYTHONDONTWRITEBYTECODE=1 PYTHONPATH=. python3 KMFA/tools/check_v013_s04_p2_field_standardization.py,KMFA/stage_artifacts/V013_S04_P2_FIELD_STANDARDIZATION/human/test_results.md,machine_verified_v013_s04_p2_field_standardization_local_only
REQ-P2-046,MOD-KMFA-COST-001,ASM-KMFA-002,FORM-KMFA-AMOUNT-001,PARAM-KMFA-784,KMFA-V013-S04-P3-BASIC-TOOL-REPORT-20260702,ACC-V013-S04-P3-BASIC-TOOL-REPORT,KMFA/tools/check_v013_s04_p3_basic_tool_report.py,KMFA/stage_artifacts/V013_S04_P3_BASIC_TOOL_REPORT/machine/basic_tool_report_manifest.json,PYTHONDONTWRITEBYTECODE=1 PYTHONPATH=. python3 KMFA/tools/check_v013_s04_p3_basic_tool_report.py,KMFA/stage_artifacts/V013_S04_P3_BASIC_TOOL_REPORT/human/test_results.md,machine_verified_v013_s04_p3_basic_tool_report_local_only
REQ-P2-047,MOD-KMFA-GOV-001,ASM-KMFA-002,FORM-KMFA-GOV-001,PARAM-KMFA-793,KMFA-V013-S04-STAGE-REVIEW-20260702,ACC-V013-S04-STAGE-REVIEW,KMFA/tools/check_v013_s04_stage_review.py,KMFA/stage_artifacts/V013_S04_STAGE_REVIEW/machine/stage4_review_manifest.json,PYTHONDONTWRITEBYTECODE=1 PYTHONPATH=. python3 KMFA/tools/check_v013_s04_stage_review.py,KMFA/stage_artifacts/V013_S04_STAGE_REVIEW/human/test_results.md,machine_verified_v013_s04_stage_review_local_only_upload_deferred_until_stage10_batch
REQ-P2-048,MOD-KMFA-COST-001,ASM-KMFA-002,FORM-KMFA-A0-FILE-REGISTRATION-001,PARAM-KMFA-801,KMFA-V013-S05-P1-A0-FILE-REGISTRATION-20260702,ACC-V013-S05-P1-A0-FILE-REGISTRATION,KMFA/tools/check_v013_s05_p1_a0_file_registration.py,KMFA/stage_artifacts/V013_S05_P1_A0_FILE_REGISTRATION/machine/a0_file_registration_replay_manifest.json,PYTHONDONTWRITEBYTECODE=1 PYTHONPATH=. python3 KMFA/tools/check_v013_s05_p1_a0_file_registration.py --require-private-diagnostic,KMFA/stage_artifacts/V013_S05_P1_A0_FILE_REGISTRATION/human/test_results.md,machine_verified_v013_s05p1_a0_file_registration_local_only_private_source_mismatch_upload_deferred
REQ-P2-049,MOD-KMFA-COST-001,ASM-KMFA-002,FORM-KMFA-A0-GOLDEN-FIXTURE-001,PARAM-KMFA-809,KMFA-V013-S05-P2-FIELD-CANDIDATE-REPLAY-20260702,ACC-V013-S05-P2-FIELD-CANDIDATE-REPLAY,KMFA/tools/check_v013_s05_p2_field_candidate_replay.py,KMFA/stage_artifacts/V013_S05_P2_FIELD_CANDIDATE_REPLAY/machine/field_candidate_replay_manifest.json,PYTHONDONTWRITEBYTECODE=1 PYTHONPATH=. python3 KMFA/tools/check_v013_s05_p2_field_candidate_replay.py,KMFA/stage_artifacts/V013_S05_P2_FIELD_CANDIDATE_REPLAY/human/test_results.md,machine_verified_v013_s05p2_field_candidate_replay_local_only_owner_downgrade_upload_deferred
REQ-P2-050,MOD-KMFA-COST-001,ASM-KMFA-002,FORM-KMFA-A0-AUTHORITY-BASELINE-LOCK-001,PARAM-KMFA-817,KMFA-V013-S05-P3-AUTHORITY-BASELINE-REPLAY-20260702,ACC-V013-S05-P3-AUTHORITY-BASELINE-REPLAY,KMFA/tools/check_v013_s05_p3_authority_baseline_replay.py,KMFA/stage_artifacts/V013_S05_P3_AUTHORITY_BASELINE_REPLAY/machine/authority_baseline_replay_manifest.json,PYTHONDONTWRITEBYTECODE=1 PYTHONPATH=. python3 KMFA/tools/check_v013_s05_p3_authority_baseline_replay.py,KMFA/stage_artifacts/V013_S05_P3_AUTHORITY_BASELINE_REPLAY/human/test_results.md,machine_verified_v013_s05p3_authority_baseline_replay_local_only_upload_deferred
REQ-P2-051,MOD-KMFA-COST-001,ASM-KMFA-002,FORM-KMFA-A0-STAGE-REVIEW-001,PARAM-KMFA-825,KMFA-V013-S05-STAGE-REVIEW-20260703,ACC-V013-S05-STAGE-REVIEW,KMFA/tools/check_v013_s05_stage_review.py,KMFA/stage_artifacts/V013_S05_STAGE_REVIEW/machine/stage5_review_manifest.json,PYTHONDONTWRITEBYTECODE=1 PYTHONPATH=. python3 KMFA/tools/check_v013_s05_stage_review.py,KMFA/stage_artifacts/V013_S05_STAGE_REVIEW/human/test_results.md,machine_verified_v013_s05_stage_review_local_only_upload_deferred_no_go
REQ-P2-052,MOD-KMFA-COST-001,ASM-KMFA-002,FORM-KMFA-ZERO-DELTA-VALIDATOR-001,PARAM-KMFA-833,KMFA-V013-S06-P1-ZERO-DELTA-REPLAY-20260703,ACC-V013-S06-P1-ZERO-DELTA-REPLAY,KMFA/tools/check_v013_s06_p1_zero_delta_replay.py,KMFA/stage_artifacts/V013_S06_P1_ZERO_DELTA_REPLAY/machine/zero_delta_replay_manifest.json,PYTHONDONTWRITEBYTECODE=1 PYTHONPATH=. python3 KMFA/tools/check_v013_s06_p1_zero_delta_replay.py,KMFA/stage_artifacts/V013_S06_P1_ZERO_DELTA_REPLAY/human/test_results.md,machine_verified_v013_s06p1_zero_delta_replay_local_only_upload_deferred_no_go
REQ-P2-053,MOD-KMFA-COST-001,ASM-KMFA-002,FORM-KMFA-CROSS-SOURCE-DIFF-QUEUE-001,PARAM-KMFA-841,KMFA-V013-S06-P2-DIFFERENCE-QUEUE-REPLAY-20260703,ACC-V013-S06-P2-DIFFERENCE-QUEUE-REPLAY,KMFA/tools/check_v013_s06_p2_difference_queue_replay.py,KMFA/stage_artifacts/V013_S06_P2_DIFFERENCE_QUEUE_REPLAY/machine/difference_queue_replay_manifest.json,PYTHONDONTWRITEBYTECODE=1 PYTHONPATH=. python3 KMFA/tools/check_v013_s06_p2_difference_queue_replay.py,KMFA/stage_artifacts/V013_S06_P2_DIFFERENCE_QUEUE_REPLAY/human/test_results.md,machine_verified_v013_s06p2_difference_queue_replay_local_only_upload_deferred_no_go
REQ-P2-054,MOD-KMFA-COST-001,ASM-KMFA-002,FORM-KMFA-GOV-001,PARAM-KMFA-851,KMFA-V013-S06-P3-VALIDATION-EVIDENCE-REPLAY-20260703,ACC-V013-S06-P3-VALIDATION-EVIDENCE-REPLAY,KMFA/tools/check_v013_s06_p3_validation_evidence_replay.py,KMFA/stage_artifacts/V013_S06_P3_VALIDATION_EVIDENCE_REPLAY/machine/validation_evidence_replay_manifest.json,PYTHONDONTWRITEBYTECODE=1 PYTHONPATH=. python3 KMFA/tools/check_v013_s06_p3_validation_evidence_replay.py,KMFA/stage_artifacts/V013_S06_P3_VALIDATION_EVIDENCE_REPLAY/human/test_results.md,machine_verified_v013_s06p3_validation_evidence_replay_local_only_upload_deferred_no_go
REQ-P2-055,MOD-KMFA-COST-001,ASM-KMFA-002,FORM-KMFA-GOV-001,PARAM-KMFA-861,KMFA-V013-S06-STAGE-REVIEW-20260703,ACC-V013-S06-STAGE-REVIEW,KMFA/tools/check_v013_s06_stage_review.py,KMFA/stage_artifacts/V013_S06_STAGE_REVIEW/machine/stage6_review_manifest.json,PYTHONDONTWRITEBYTECODE=1 PYTHONPATH=. python3 KMFA/tools/check_v013_s06_stage_review.py,KMFA/stage_artifacts/V013_S06_STAGE_REVIEW/human/test_results.md,machine_verified_v013_s06_stage_review_local_only_upload_deferred_no_go
REQ-P2-056,MOD-KMFA-COST-001,ASM-KMFA-002,FORM-KMFA-FINANCE-FILE-ADAPTER-001,PARAM-KMFA-868,KMFA-V013-S07-P1-FINANCE-FILE-ADAPTER-REPLAY-20260703,ACC-V013-S07-P1-FINANCE-FILE-ADAPTER-REPLAY,KMFA/tools/check_v013_s07_p1_finance_file_adapter_replay.py,KMFA/stage_artifacts/V013_S07_P1_FINANCE_FILE_ADAPTER_REPLAY/machine/finance_file_adapter_replay_manifest.json,PYTHONDONTWRITEBYTECODE=1 PYTHONPATH=. python3 KMFA/tools/check_v013_s07_p1_finance_file_adapter_replay.py,KMFA/stage_artifacts/V013_S07_P1_FINANCE_FILE_ADAPTER_REPLAY/human/test_results.md,machine_verified_v013_s07p1_finance_file_adapter_replay_local_only_upload_deferred_no_go
REQ-P2-057,MOD-KMFA-COST-001,ASM-KMFA-002,FORM-KMFA-WPS-FILE-ADAPTER-001,PARAM-KMFA-876,KMFA-V013-S07-P2-WPS-FILE-ADAPTER-REPLAY-20260703,ACC-V013-S07-P2-WPS-FILE-ADAPTER-REPLAY,KMFA/tools/check_v013_s07_p2_wps_file_adapter_replay.py,KMFA/stage_artifacts/V013_S07_P2_WPS_FILE_ADAPTER_REPLAY/machine/wps_file_adapter_replay_manifest.json,PYTHONDONTWRITEBYTECODE=1 PYTHONPATH=. python3 KMFA/tools/check_v013_s07_p2_wps_file_adapter_replay.py,KMFA/stage_artifacts/V013_S07_P2_WPS_FILE_ADAPTER_REPLAY/human/test_results.md,machine_verified_v013_s07p2_wps_file_adapter_replay_local_only_upload_deferred_no_go
REQ-P2-058,MOD-KMFA-COST-001,ASM-KMFA-002,FORM-KMFA-GOV-001,PARAM-KMFA-886,KMFA-V013-S07-P3-REDCIRCLE-POSTPONEMENT-REPLAY-20260703,ACC-V013-S07-P3-REDCIRCLE-POSTPONEMENT-REPLAY,KMFA/tools/check_v013_s07_p3_redcircle_postponement_replay.py,KMFA/stage_artifacts/V013_S07_P3_REDCIRCLE_POSTPONEMENT_REPLAY/machine/redcircle_postponement_replay_manifest.json,PYTHONDONTWRITEBYTECODE=1 PYTHONPATH=. python3 KMFA/tools/check_v013_s07_p3_redcircle_postponement_replay.py,KMFA/stage_artifacts/V013_S07_P3_REDCIRCLE_POSTPONEMENT_REPLAY/human/test_results.md,machine_verified_v013_s07p3_redcircle_postponement_replay_local_only_upload_deferred_no_go
REQ-P2-059,MOD-KMFA-COST-001,ASM-KMFA-002,FORM-KMFA-GOV-001,PARAM-KMFA-896,KMFA-V013-S07-STAGE-REVIEW-20260703,ACC-V013-S07-STAGE-REVIEW,KMFA/tools/check_v013_s07_stage_review.py,KMFA/stage_artifacts/V013_S07_STAGE_REVIEW/machine/stage7_review_manifest.json,PYTHONDONTWRITEBYTECODE=1 PYTHONPATH=. python3 KMFA/tools/check_v013_s07_stage_review.py,KMFA/stage_artifacts/V013_S07_STAGE_REVIEW/human/test_results.md,machine_verified_v013_s07_stage_review_local_only_upload_deferred_no_go
REQ-P2-060,MOD-KMFA-COST-001,ASM-KMFA-002,FORM-KMFA-PROJECT-COMPOSITE-KEY-001,PARAM-KMFA-903,KMFA-V013-S08-P1-PROJECT-COMPOSITE-KEY-REPLAY-20260703,ACC-V013-S08-P1-PROJECT-COMPOSITE-KEY-REPLAY,KMFA/tools/check_v013_s08_p1_project_composite_key_replay.py,KMFA/stage_artifacts/V013_S08_P1_PROJECT_COMPOSITE_KEY_REPLAY/machine/project_composite_key_replay_manifest.json,PYTHONDONTWRITEBYTECODE=1 PYTHONPATH=. python3 KMFA/tools/check_v013_s08_p1_project_composite_key_replay.py,KMFA/stage_artifacts/V013_S08_P1_PROJECT_COMPOSITE_KEY_REPLAY/human/test_results.md,machine_verified_v013_s08p1_project_composite_key_replay_local_only_upload_deferred_no_go
REQ-P2-061,MOD-KMFA-COST-001,,FORM-KMFA-BUSINESS-ENTITY-MODEL-001,PARAM-KMFA-911,KMFA-V013-S08-P2-BUSINESS-ENTITY-MODEL-REPLAY-20260703,ACC-V013-S08-P2-BUSINESS-ENTITY-MODEL-REPLAY,KMFA/tools/check_v013_s08_p2_business_entity_model_replay.py,KMFA/stage_artifacts/V013_S08_P2_BUSINESS_ENTITY_MODEL_REPLAY/machine/business_entity_model_replay_manifest.json,PYTHONDONTWRITEBYTECODE=1 PYTHONPATH=. python3 KMFA/tools/check_v013_s08_p2_business_entity_model_replay.py,KMFA/stage_artifacts/V013_S08_P2_BUSINESS_ENTITY_MODEL_REPLAY/human/test_results.md,machine_verified
REQ-P2-062,MOD-KMFA-COST-001,,FORM-KMFA-ENTITY-MATCHING-QUALITY-001,PARAM-KMFA-919,KMFA-V013-S08-P3-ENTITY-MATCHING-QUALITY-REPLAY-20260703,ACC-V013-S08-P3-ENTITY-MATCHING-QUALITY-REPLAY,KMFA/tools/check_v013_s08_p3_entity_matching_quality_replay.py,KMFA/stage_artifacts/V013_S08_P3_ENTITY_MATCHING_QUALITY_REPLAY/machine/entity_matching_quality_replay_manifest.json,PYTHONDONTWRITEBYTECODE=1 PYTHONPATH=. python3 KMFA/tools/check_v013_s08_p3_entity_matching_quality_replay.py,KMFA/stage_artifacts/V013_S08_P3_ENTITY_MATCHING_QUALITY_REPLAY/human/test_results.md,machine_verified
REQ-P2-063,MOD-KMFA-COST-001,,FORM-KMFA-GOV-001,PARAM-KMFA-927,KMFA-V013-S08-STAGE-REVIEW-20260703,ACC-V013-S08-STAGE-REVIEW,KMFA/tools/check_v013_s08_stage_review.py,KMFA/stage_artifacts/V013_S08_STAGE_REVIEW/machine/stage8_review_manifest.json,PYTHONDONTWRITEBYTECODE=1 PYTHONPATH=. python3 KMFA/tools/check_v013_s08_stage_review.py,KMFA/stage_artifacts/V013_S08_STAGE_REVIEW/human/test_results.md,machine_verified
REQ-P2-064,MOD-KMFA-COST-001,,FORM-KMFA-PROJECT-COST-FACT-LAYER-001,PARAM-KMFA-933,KMFA-V013-S09-P1-PROJECT-COST-FACT-LAYER-REPLAY-20260703,ACC-V013-S09-P1-PROJECT-COST-FACT-LAYER-REPLAY,KMFA/tools/check_v013_s09_p1_project_cost_fact_layer_replay.py,KMFA/stage_artifacts/V013_S09_P1_PROJECT_COST_FACT_LAYER_REPLAY/machine/project_cost_fact_layer_replay_manifest.json,PYTHONDONTWRITEBYTECODE=1 PYTHONPATH=. python3 KMFA/tools/check_v013_s09_p1_project_cost_fact_layer_replay.py,KMFA/stage_artifacts/V013_S09_P1_PROJECT_COST_FACT_LAYER_REPLAY/human/test_results.md,machine_verified_v013_s09p1_project_cost_fact_layer_replay_local_only_upload_deferred_no_go
REQ-P2-065,MOD-KMFA-COST-001,,FORM-KMFA-MARGIN-CASH-MARGIN-001,PARAM-KMFA-941,KMFA-V013-S09-P2-MARGIN-CASH-MARGIN-REPLAY-20260703,ACC-V013-S09-P2-MARGIN-CASH-MARGIN-REPLAY,KMFA/tools/check_v013_s09_p2_margin_cash_margin_replay.py,KMFA/stage_artifacts/V013_S09_P2_MARGIN_CASH_MARGIN_REPLAY/machine/margin_cash_margin_replay_manifest.json,PYTHONDONTWRITEBYTECODE=1 PYTHONPATH=. python3 KMFA/tools/check_v013_s09_p2_margin_cash_margin_replay.py,KMFA/stage_artifacts/V013_S09_P2_MARGIN_CASH_MARGIN_REPLAY/human/test_results.md,machine_verified_v013_s09p2_margin_cash_margin_replay_local_only_upload_deferred_no_go
REQ-P2-066,MOD-KMFA-COST-001,,FORM-KMFA-SCOPE-RECONCILIATION-001,PARAM-KMFA-949,KMFA-V013-S09-P3-SCOPE-RECONCILIATION-REPLAY-20260703,ACC-V013-S09-P3-SCOPE-RECONCILIATION-REPLAY,KMFA/tools/check_v013_s09_p3_scope_reconciliation_replay.py,KMFA/stage_artifacts/V013_S09_P3_SCOPE_RECONCILIATION_REPLAY/machine/scope_reconciliation_replay_manifest.json,PYTHONDONTWRITEBYTECODE=1 PYTHONPATH=. python3 KMFA/tools/check_v013_s09_p3_scope_reconciliation_replay.py,KMFA/stage_artifacts/V013_S09_P3_SCOPE_RECONCILIATION_REPLAY/human/test_results.md,machine_verified_v013_s09p3_scope_reconciliation_replay_local_only_upload_deferred_no_go
REQ-P2-067,MOD-KMFA-GOV-001,,FORM-KMFA-GOV-001,PARAM-KMFA-957,KMFA-V013-S09-STAGE-REVIEW-20260703,ACC-V013-S09-STAGE-REVIEW,KMFA/tools/check_v013_s09_stage_review.py,KMFA/stage_artifacts/V013_S09_STAGE_REVIEW/machine/stage9_review_manifest.json,PYTHONDONTWRITEBYTECODE=1 PYTHONPATH=. python3 KMFA/tools/check_v013_s09_stage_review.py,KMFA/stage_artifacts/V013_S09_STAGE_REVIEW/human/test_results.md,machine_verified_v013_s09_stage_review_local_only_upload_deferred_no_go
REQ-P2-068,MOD-KMFA-COST-001,,FORM-KMFA-REPORT-TEMPLATE-001,PARAM-KMFA-965,KMFA-V013-S10-P1-REPORT-TEMPLATES-REPLAY-20260703,ACC-V013-S10-P1-REPORT-TEMPLATES-REPLAY,KMFA/tools/check_v013_s10_p1_report_templates_replay.py,KMFA/stage_artifacts/V013_S10_P1_REPORT_TEMPLATES_REPLAY/machine/report_templates_replay_manifest.json,PYTHONDONTWRITEBYTECODE=1 PYTHONPATH=. python3 KMFA/tools/check_v013_s10_p1_report_templates_replay.py,KMFA/stage_artifacts/V013_S10_P1_REPORT_TEMPLATES_REPLAY/human/test_results.md,machine_verified_v013_s10p1_report_templates_replay_local_only_upload_deferred_no_go
REQ-P2-069,MOD-KMFA-COST-001,,FORM-KMFA-REPORT-GRADE-RUNTIME-001,PARAM-KMFA-972,KMFA-V013-S10-P2-REPORT-GRADE-RUNTIME-REPLAY-20260703,ACC-V013-S10-P2-REPORT-GRADE-RUNTIME-REPLAY,KMFA/tools/check_v013_s10_p2_report_grade_runtime_replay.py,KMFA/stage_artifacts/V013_S10_P2_REPORT_GRADE_RUNTIME_REPLAY/machine/report_grade_runtime_replay_manifest.json,PYTHONDONTWRITEBYTECODE=1 PYTHONPATH=. python3 KMFA/tools/check_v013_s10_p2_report_grade_runtime_replay.py,KMFA/stage_artifacts/V013_S10_P2_REPORT_GRADE_RUNTIME_REPLAY/human/test_results.md,machine_verified_v013_s10p2_report_grade_runtime_replay_local_only_upload_deferred_no_go
REQ-P2-070,MOD-KMFA-COST-001,,FORM-KMFA-REPORT-EXPORT-001,PARAM-KMFA-979,KMFA-V013-S10-P3-REPORT-EXPORT-REPLAY-20260703,ACC-V013-S10-P3-REPORT-EXPORT-REPLAY,KMFA/tools/check_v013_s10_p3_report_export_replay.py,KMFA/stage_artifacts/V013_S10_P3_REPORT_EXPORT_REPLAY/machine/report_export_replay_manifest.json,PYTHONDONTWRITEBYTECODE=1 PYTHONPATH=. python3 KMFA/tools/check_v013_s10_p3_report_export_replay.py,KMFA/stage_artifacts/V013_S10_P3_REPORT_EXPORT_REPLAY/human/test_results.md,machine_verified_v013_s10p3_report_export_replay_local_only_upload_deferred_no_go
REQ-P2-071,MOD-KMFA-GOV-001,,FORM-KMFA-GOV-001,PARAM-KMFA-986,KMFA-V013-S10-STAGE-REVIEW-20260703,ACC-V013-S10-STAGE-REVIEW,KMFA/tools/check_v013_s10_stage_review.py,KMFA/stage_artifacts/V013_S10_STAGE_REVIEW/machine/stage10_review_manifest.json,PYTHONDONTWRITEBYTECODE=1 PYTHONPATH=. python3 KMFA/tools/check_v013_s10_stage_review.py,KMFA/stage_artifacts/V013_S10_STAGE_REVIEW/human/test_results.md,machine_verified_v013_s10_stage_review_local_only_upload_deferred_stage1_10_batch_no_go
REQ-P2-072,MOD-KMFA-GOV-001,,FORM-KMFA-GOV-001,PARAM-KMFA-992,KMFA-V013-STAGE1-10-BATCH-REVIEW-20260703,ACC-V013-STAGE1-10-BATCH-REVIEW,KMFA/tools/check_v013_stage1_10_batch_review.py,KMFA/stage_artifacts/V013_STAGE1_10_BATCH_REVIEW/machine/stage1_10_batch_review_manifest.json,PYTHONDONTWRITEBYTECODE=1 PYTHONPATH=. python3 KMFA/tools/check_v013_stage1_10_batch_review.py,KMFA/stage_artifacts/V013_STAGE1_10_BATCH_REVIEW/human/test_results.md,machine_verified_v013_stage1_10_batch_review_local_only_upload_ready_next_gate_no_go
REQ-P2-073,MOD-KMFA-GOV-001,,FORM-KMFA-GOV-001,PARAM-KMFA-997,KMFA-V013-STAGE1-10-GITHUB-UPLOAD-20260703,ACC-V013-STAGE1-10-GITHUB-UPLOAD,KMFA/tools/check_v013_stage1_10_github_upload.py,KMFA/stage_artifacts/V013_STAGE1_10_GITHUB_UPLOAD/machine/stage1_10_github_upload_manifest.json,PYTHONDONTWRITEBYTECODE=1 PYTHONPATH=. python3 KMFA/tools/check_v013_stage1_10_github_upload.py,KMFA/stage_artifacts/V013_STAGE1_10_GITHUB_UPLOAD/human/test_results.md,machine_verified_v013_stage1_10_github_upload_gate_public_safe_ready_to_push_no_go
REQ-P2-074,MOD-KMFA-GOV-001,,FORM-KMFA-GOV-001,PARAM-KMFA-1000,KMFA-V014-S01-P1-READ-ONLY-SCOPE-LOCK-20260703,ACC-V014-S01-P1-READ-ONLY-SCOPE-LOCK,KMFA/tools/check_v014_s01_p1_read_only_scope_lock.py,KMFA/stage_artifacts/V014_S01_P1_READ_ONLY_SCOPE_LOCK/machine/s01_p1_read_only_scope_lock_manifest.json,PYTHONDONTWRITEBYTECODE=1 PYTHONPATH=. python3 KMFA/tools/check_v014_s01_p1_read_only_scope_lock.py --require-source-package-present,KMFA/stage_artifacts/V014_S01_P1_READ_ONLY_SCOPE_LOCK/human/test_results.md,machine_verified_v014_s01p1_read_only_scope_lock_local_only_upload_deferred_no_go
REQ-P2-075,MOD-KMFA-GOV-001,ASM-KMFA-002,FORM-KMFA-GOV-001,PARAM-KMFA-1003,KMFA-V014-S01-P2-PUBLIC-BASELINE-SYNC-20260703,ACC-V014-S01-P2-PUBLIC-BASELINE-SYNC,KMFA/tools/check_v014_s01_p2_public_baseline_sync.py,KMFA/stage_artifacts/V014_S01_P2_PUBLIC_BASELINE_SYNC/machine/s01_p2_public_baseline_sync_manifest.json,PYTHONDONTWRITEBYTECODE=1 PYTHONPATH=. python3 KMFA/tools/check_v014_s01_p2_public_baseline_sync.py --require-source-package-present,KMFA/stage_artifacts/V014_S01_P2_PUBLIC_BASELINE_SYNC/human/test_results.md,machine_verified_v014_s01p2_public_baseline_sync_local_only_upload_deferred_no_go
REQ-P2-076,MOD-KMFA-GOV-001,ASM-KMFA-002,FORM-KMFA-GOV-001,PARAM-KMFA-1004,KMFA-V014-S01-P2-PUBLIC-BASELINE-SYNC-20260703,ACC-V014-S01-P2-PUBLIC-BASELINE-SYNC,KMFA/tools/check_v014_s01_p2_public_baseline_sync.py,KMFA/stage_artifacts/V014_S01_P2_PUBLIC_BASELINE_SYNC/machine/s01_p2_public_baseline_sync_manifest.json,PYTHONDONTWRITEBYTECODE=1 PYTHONPATH=. python3 KMFA/tools/check_v014_s01_p2_public_baseline_sync.py --require-source-package-present,KMFA/stage_artifacts/V014_S01_P2_PUBLIC_BASELINE_SYNC/human/test_results.md,machine_verified_v014_s01p2_public_baseline_sync_local_only_upload_deferred_no_go
REQ-P2-077,MOD-KMFA-GOV-001,ASM-KMFA-002,FORM-KMFA-GOV-001,PARAM-KMFA-1005,KMFA-V014-S01-P2-PUBLIC-BASELINE-SYNC-20260703,ACC-V014-S01-P2-PUBLIC-BASELINE-SYNC,KMFA/tools/check_v014_s01_p2_public_baseline_sync.py,KMFA/stage_artifacts/V014_S01_P2_PUBLIC_BASELINE_SYNC/machine/s01_p2_public_baseline_sync_manifest.json,PYTHONDONTWRITEBYTECODE=1 PYTHONPATH=. python3 KMFA/tools/check_v014_s01_p2_public_baseline_sync.py --require-source-package-present,KMFA/stage_artifacts/V014_S01_P2_PUBLIC_BASELINE_SYNC/human/test_results.md,machine_verified_v014_s01p2_public_baseline_sync_local_only_upload_deferred_no_go
REQ-P2-078,MOD-KMFA-GOV-001,ASM-KMFA-002,FORM-KMFA-V014-S01P3-NO-OMISSION-BASELINE-001,PARAM-KMFA-1006,KMFA-V014-S01-P3-NO-OMISSION-BASELINE-20260703,ACC-V014-S01-P3-NO-OMISSION-BASELINE,KMFA/tools/check_v014_s01_p3_no_omission_baseline.py,KMFA/stage_artifacts/V014_S01_P3_NO_OMISSION_BASELINE/machine/s01_p3_no_omission_baseline_manifest.json,PYTHONDONTWRITEBYTECODE=1 PYTHONPATH=. python3 KMFA/tools/check_v014_s01_p3_no_omission_baseline.py,KMFA/stage_artifacts/V014_S01_P3_NO_OMISSION_BASELINE/human/test_results.md,machine_verified_v014_s01p3_legacy_no_omission_counts_local_only_upload_deferred_no_go
REQ-P2-079,MOD-KMFA-GOV-001,ASM-KMFA-002,FORM-KMFA-V014-S01P3-NO-OMISSION-BASELINE-001,PARAM-KMFA-1007,KMFA-V014-S01-P3-NO-OMISSION-BASELINE-20260703,ACC-V014-S01-P3-NO-OMISSION-BASELINE,KMFA/tools/check_v014_s01_p3_no_omission_baseline.py,KMFA/stage_artifacts/V014_S01_P3_NO_OMISSION_BASELINE/machine/s01_p3_no_omission_baseline_manifest.json,PYTHONDONTWRITEBYTECODE=1 PYTHONPATH=. python3 KMFA/tools/check_v014_s01_p3_no_omission_baseline.py,KMFA/stage_artifacts/V014_S01_P3_NO_OMISSION_BASELINE/human/test_results.md,machine_verified_v014_s01p3_roadmap_registry_counts_local_only_upload_deferred_no_go
REQ-P2-080,MOD-KMFA-GOV-001,ASM-KMFA-002,FORM-KMFA-V014-S01P3-NO-OMISSION-BASELINE-001,PARAM-KMFA-1008,KMFA-V014-S01-P3-NO-OMISSION-BASELINE-20260703,ACC-V014-S01-P3-NO-OMISSION-BASELINE,KMFA/tools/check_v014_s01_p3_no_omission_baseline.py,KMFA/stage_artifacts/V014_S01_P3_NO_OMISSION_BASELINE/machine/s01_p3_no_omission_baseline_manifest.json,PYTHONDONTWRITEBYTECODE=1 PYTHONPATH=. python3 KMFA/tools/check_v014_s01_p3_no_omission_baseline.py,KMFA/stage_artifacts/V014_S01_P3_NO_OMISSION_BASELINE/human/test_results.md,machine_verified_v014_s01p3_boundary_flags_local_only_upload_deferred_no_go
REQ-P2-081,MOD-KMFA-GOV-001,ASM-KMFA-002,FORM-KMFA-V014-S01-STAGE-REVIEW-001,PARAM-KMFA-1009,KMFA-V014-S01-STAGE-REVIEW-20260703,ACC-V014-S01-STAGE-REVIEW,KMFA/tools/check_v014_s01_stage_review.py,KMFA/stage_artifacts/V014_S01_STAGE_REVIEW/machine/stage1_review_manifest.json,PYTHONDONTWRITEBYTECODE=1 PYTHONPATH=. python3 KMFA/tools/check_v014_s01_stage_review.py,KMFA/stage_artifacts/V014_S01_STAGE_REVIEW/human/test_results.md,machine_verified_v014_s01_stage_review_phase_results_local_only_upload_deferred_no_go
REQ-P2-082,MOD-KMFA-GOV-001,ASM-KMFA-002,FORM-KMFA-V014-S01-STAGE-REVIEW-001,PARAM-KMFA-1010,KMFA-V014-S01-STAGE-REVIEW-20260703,ACC-V014-S01-STAGE-REVIEW,KMFA/tools/check_v014_s01_stage_review.py,KMFA/stage_artifacts/V014_S01_STAGE_REVIEW/machine/stage1_review_manifest.json,PYTHONDONTWRITEBYTECODE=1 PYTHONPATH=. python3 KMFA/tools/check_v014_s01_stage_review.py,KMFA/stage_artifacts/V014_S01_STAGE_REVIEW/human/test_results.md,machine_verified_v014_s01_stage_review_findings_zero_local_only_upload_deferred_no_go
REQ-P2-083,MOD-KMFA-GOV-001,ASM-KMFA-002,FORM-KMFA-V014-S01-STAGE-REVIEW-001,PARAM-KMFA-1011,KMFA-V014-S01-STAGE-REVIEW-20260703,ACC-V014-S01-STAGE-REVIEW,KMFA/tools/check_v014_s01_stage_review.py,KMFA/stage_artifacts/V014_S01_STAGE_REVIEW/machine/stage1_review_manifest.json,PYTHONDONTWRITEBYTECODE=1 PYTHONPATH=. python3 KMFA/tools/check_v014_s01_stage_review.py,KMFA/stage_artifacts/V014_S01_STAGE_REVIEW/human/test_results.md,machine_verified_v014_s01_stage_review_boundary_flags_local_only_upload_deferred_no_go
REQ-P2-084,MOD-KMFA-METADATA-001,ASM-KMFA-004,FORM-KMFA-V014-S02P1-METADATA-PROTOCOL-001,PARAM-KMFA-1012,KMFA-V014-S02-P1-METADATA-PROTOCOL-20260703,ACC-V014-S02-P1-METADATA-PROTOCOL,KMFA/tools/check_v014_s02_p1_metadata_protocol.py,KMFA/stage_artifacts/V014_S02_P1_METADATA_PROTOCOL/machine/s02_p1_metadata_protocol_manifest.json,PYTHONDONTWRITEBYTECODE=1 PYTHONPATH=. python3 KMFA/tools/check_v014_s02_p1_metadata_protocol.py,KMFA/stage_artifacts/V014_S02_P1_METADATA_PROTOCOL/human/test_results.md,machine_verified_v014_s02p1_metadata_directories_local_only_upload_deferred_no_go
REQ-P2-085,MOD-KMFA-METADATA-001,ASM-KMFA-004,FORM-KMFA-V014-S02P1-METADATA-PROTOCOL-001,PARAM-KMFA-1013,KMFA-V014-S02-P1-METADATA-PROTOCOL-20260703,ACC-V014-S02-P1-METADATA-PROTOCOL,KMFA/tools/check_v014_s02_p1_metadata_protocol.py,KMFA/stage_artifacts/V014_S02_P1_METADATA_PROTOCOL/machine/s02_p1_metadata_protocol_manifest.json,PYTHONDONTWRITEBYTECODE=1 PYTHONPATH=. python3 KMFA/tools/check_v014_s02_p1_metadata_protocol.py,KMFA/stage_artifacts/V014_S02_P1_METADATA_PROTOCOL/human/test_results.md,machine_verified_v014_s02p1_identifier_contract_local_only_upload_deferred_no_go
REQ-P2-086,MOD-KMFA-METADATA-001,ASM-KMFA-004,FORM-KMFA-V014-S02P1-METADATA-PROTOCOL-001,PARAM-KMFA-1014,KMFA-V014-S02-P1-METADATA-PROTOCOL-20260703,ACC-V014-S02-P1-METADATA-PROTOCOL,KMFA/tools/check_v014_s02_p1_metadata_protocol.py,KMFA/stage_artifacts/V014_S02_P1_METADATA_PROTOCOL/machine/s02_p1_metadata_protocol_manifest.json,PYTHONDONTWRITEBYTECODE=1 PYTHONPATH=. python3 KMFA/tools/check_v014_s02_p1_metadata_protocol.py,KMFA/stage_artifacts/V014_S02_P1_METADATA_PROTOCOL/human/test_results.md,machine_verified_v014_s02p1_raw_and_upload_boundary_local_only_no_go
REQ-P2-087,MOD-KMFA-IMMUTABILITY-001,ASM-KMFA-005,FORM-KMFA-V014-S02P2-IMMUTABILITY-POLICY-001,PARAM-KMFA-1015,KMFA-V014-S02-P2-IMMUTABILITY-POLICY-20260703,ACC-V014-S02-P2-IMMUTABILITY-POLICY,KMFA/tools/check_v014_s02_p2_immutability_policy.py,KMFA/stage_artifacts/V014_S02_P2_IMMUTABILITY_POLICY/machine/s02_p2_immutability_policy_manifest.json,PYTHONDONTWRITEBYTECODE=1 PYTHONPATH=. python3 KMFA/tools/check_v014_s02_p2_immutability_policy.py,KMFA/stage_artifacts/V014_S02_P2_IMMUTABILITY_POLICY/human/test_results.md,machine_verified_v014_s02p2_raw_manifest_append_only_local_only_no_go
REQ-P2-088,MOD-KMFA-IMMUTABILITY-001,ASM-KMFA-005,FORM-KMFA-V014-S02P2-IMMUTABILITY-POLICY-001,PARAM-KMFA-1016,KMFA-V014-S02-P2-IMMUTABILITY-POLICY-20260703,ACC-V014-S02-P2-IMMUTABILITY-POLICY,KMFA/tools/check_v014_s02_p2_immutability_policy.py,KMFA/stage_artifacts/V014_S02_P2_IMMUTABILITY_POLICY/machine/s02_p2_immutability_policy_manifest.json,PYTHONDONTWRITEBYTECODE=1 PYTHONPATH=. python3 KMFA/tools/check_v014_s02_p2_immutability_policy.py,KMFA/stage_artifacts/V014_S02_P2_IMMUTABILITY_POLICY/human/test_results.md,machine_verified_v014_s02p2_derived_versions_no_overwrite_local_only_no_go
REQ-P2-089,MOD-KMFA-IMMUTABILITY-001,ASM-KMFA-005,FORM-KMFA-V014-S02P2-IMMUTABILITY-POLICY-001,PARAM-KMFA-1017,KMFA-V014-S02-P2-IMMUTABILITY-POLICY-20260703,ACC-V014-S02-P2-IMMUTABILITY-POLICY,KMFA/tools/check_v014_s02_p2_immutability_policy.py,KMFA/stage_artifacts/V014_S02_P2_IMMUTABILITY_POLICY/machine/s02_p2_immutability_policy_manifest.json,PYTHONDONTWRITEBYTECODE=1 PYTHONPATH=. python3 KMFA/tools/check_v014_s02_p2_immutability_policy.py,KMFA/stage_artifacts/V014_S02_P2_IMMUTABILITY_POLICY/human/test_results.md,machine_verified_v014_s02p2_control_events_no_raw_write_local_only_no_go
REQ-P2-090,MOD-KMFA-QUALITY-GATE-001,ASM-KMFA-006,FORM-KMFA-V014-S02P3-QUALITY-GATE-001,PARAM-KMFA-1018,KMFA-V014-S02-P3-QUALITY-GATE-20260703,ACC-V014-S02-P3-QUALITY-GATE,KMFA/tools/check_v014_s02_p3_quality_gate.py,KMFA/stage_artifacts/V014_S02_P3_QUALITY_GATE/machine/s02_p3_quality_gate_manifest.json,PYTHONDONTWRITEBYTECODE=1 PYTHONPATH=. python3 KMFA/tools/check_v014_s02_p3_quality_gate.py,KMFA/stage_artifacts/V014_S02_P3_QUALITY_GATE/human/test_results.md,machine_verified_v014_s02p3_quality_report_grades_local_only_no_go
REQ-P2-091,MOD-KMFA-QUALITY-GATE-001,ASM-KMFA-006,FORM-KMFA-V014-S02P3-QUALITY-GATE-001,PARAM-KMFA-1019,KMFA-V014-S02-P3-QUALITY-GATE-20260703,ACC-V014-S02-P3-QUALITY-GATE,KMFA/tools/check_v014_s02_p3_quality_gate.py,KMFA/stage_artifacts/V014_S02_P3_QUALITY_GATE/machine/s02_p3_quality_gate_manifest.json,PYTHONDONTWRITEBYTECODE=1 PYTHONPATH=. python3 KMFA/tools/check_v014_s02_p3_quality_gate.py,KMFA/stage_artifacts/V014_S02_P3_QUALITY_GATE/human/test_results.md,machine_verified_v014_s02p3_release_mapping_hard_blocks_local_only_no_go
REQ-P2-092,MOD-KMFA-QUALITY-GATE-001,ASM-KMFA-006,FORM-KMFA-V014-S02P3-QUALITY-GATE-001,PARAM-KMFA-1020,KMFA-V014-S02-P3-QUALITY-GATE-20260703,ACC-V014-S02-P3-QUALITY-GATE,KMFA/tools/check_v014_s02_p3_quality_gate.py,KMFA/stage_artifacts/V014_S02_P3_QUALITY_GATE/machine/s02_p3_quality_gate_manifest.json,PYTHONDONTWRITEBYTECODE=1 PYTHONPATH=. python3 KMFA/tools/check_v014_s02_p3_quality_gate.py,KMFA/stage_artifacts/V014_S02_P3_QUALITY_GATE/human/test_results.md,machine_verified_v014_s02p3_no_go_upload_deferred_no_raw_access
REQ-P2-093,MOD-KMFA-GOV-001,ASM-KMFA-002,FORM-KMFA-V014-S02-STAGE-REVIEW-001,PARAM-KMFA-1021,KMFA-V014-S02-STAGE-REVIEW-20260703,ACC-V014-S02-STAGE-REVIEW,KMFA/tools/check_v014_s02_stage_review.py,KMFA/stage_artifacts/V014_S02_STAGE_REVIEW/machine/stage2_review_manifest.json,PYTHONDONTWRITEBYTECODE=1 PYTHONPATH=. python3 KMFA/tools/check_v014_s02_stage_review.py,KMFA/stage_artifacts/V014_S02_STAGE_REVIEW/human/test_results.md,machine_verified_v014_s02_stage_review_phase_results_local_only_no_go
REQ-P2-094,MOD-KMFA-GOV-001,ASM-KMFA-002,FORM-KMFA-V014-S02-STAGE-REVIEW-001,PARAM-KMFA-1022,KMFA-V014-S02-STAGE-REVIEW-20260703,ACC-V014-S02-STAGE-REVIEW,KMFA/tools/check_v014_s02_stage_review.py,KMFA/stage_artifacts/V014_S02_STAGE_REVIEW/machine/stage2_review_manifest.json,PYTHONDONTWRITEBYTECODE=1 PYTHONPATH=. python3 KMFA/tools/check_v014_s02_stage_review.py,KMFA/stage_artifacts/V014_S02_STAGE_REVIEW/human/test_results.md,machine_verified_v014_s02_stage_review_findings_zero_local_only_no_go
REQ-P2-095,MOD-KMFA-GOV-001,ASM-KMFA-002,FORM-KMFA-V014-S02-STAGE-REVIEW-001,PARAM-KMFA-1023,KMFA-V014-S02-STAGE-REVIEW-20260703,ACC-V014-S02-STAGE-REVIEW,KMFA/tools/check_v014_s02_stage_review.py,KMFA/stage_artifacts/V014_S02_STAGE_REVIEW/machine/stage2_review_manifest.json,PYTHONDONTWRITEBYTECODE=1 PYTHONPATH=. python3 KMFA/tools/check_v014_s02_stage_review.py,KMFA/stage_artifacts/V014_S02_STAGE_REVIEW/human/test_results.md,machine_verified_v014_s02_stage_review_no_go_upload_deferred_no_raw_access
REQ-P2-096,MOD-KMFA-FILE-IMPORT-001,ASM-KMFA-002,FORM-KMFA-V014-S03P1-FILE-REGISTRATION-001,PARAM-KMFA-1024,KMFA-V014-S03-P1-FILE-REGISTRATION-20260703,ACC-V014-S03-P1-FILE-REGISTRATION,KMFA/tools/check_v014_s03_p1_file_registration.py,KMFA/stage_artifacts/V014_S03_P1_FILE_REGISTRATION/machine/s03_p1_file_registration_manifest.json,PYTHONDONTWRITEBYTECODE=1 PYTHONPATH=. python3 KMFA/tools/check_v014_s03_p1_file_registration.py,KMFA/stage_artifacts/V014_S03_P1_FILE_REGISTRATION/human/test_results.md,machine_verified_v014_s03p1_file_counts_local_only_no_go
REQ-P2-097,MOD-KMFA-FILE-IMPORT-001,ASM-KMFA-004,FORM-KMFA-V014-S03P1-FILE-REGISTRATION-001,PARAM-KMFA-1025,KMFA-V014-S03-P1-FILE-REGISTRATION-20260703,ACC-V014-S03-P1-FILE-REGISTRATION,KMFA/tools/v014_s03_p1_raw_file_registration.py,KMFA/metadata/protocol/raw_data_roots_v1_4_s03_p1.json,PYTHONDONTWRITEBYTECODE=1 PYTHONPATH=. python3 KMFA/tools/check_v014_s03_p1_file_registration.py,KMFA/stage_artifacts/V014_S03_P1_FILE_REGISTRATION/human/test_results.md,machine_verified_v014_s03p1_raw_readonly_no_mutation
REQ-P2-098,MOD-KMFA-FILE-IMPORT-001,ASM-KMFA-006,FORM-KMFA-V014-S03P1-FILE-REGISTRATION-001,PARAM-KMFA-1026,KMFA-V014-S03-P1-FILE-REGISTRATION-20260703,ACC-V014-S03-P1-FILE-REGISTRATION,KMFA/tools/check_v014_s03_p1_file_registration.py,KMFA/metadata/imports/v014_s03_p1_public_raw_file_register.json,PYTHONDONTWRITEBYTECODE=1 PYTHONPATH=. python3 KMFA/tools/check_v014_s03_p1_file_registration.py,KMFA/stage_artifacts/V014_S03_P1_FILE_REGISTRATION/human/test_results.md,machine_verified_v014_s03p1_public_safety_upload_deferred
REQ-P2-099,MOD-KMFA-SOURCE-CHECK-001,ASM-KMFA-004,FORM-KMFA-V014-S03P2-SOURCE-CHECK-MATRIX-001,PARAM-KMFA-1027,KMFA-V014-S03-P2-SOURCE-CHECK-MATRIX-20260703,ACC-V014-S03-P2-SOURCE-CHECK-MATRIX,KMFA/tools/check_v014_s03_p2_source_check_matrix.py,KMFA/stage_artifacts/V014_S03_P2_SOURCE_CHECK_MATRIX/machine/source_check_matrix_manifest.json,PYTHONDONTWRITEBYTECODE=1 PYTHONPATH=. python3 KMFA/tools/check_v014_s03_p2_source_check_matrix.py,KMFA/stage_artifacts/V014_S03_P2_SOURCE_CHECK_MATRIX/human/test_results.md,machine_verified_v014_s03p2_matrix_counts_local_only_no_go
REQ-P2-100,MOD-KMFA-SOURCE-CHECK-001,ASM-KMFA-005,FORM-KMFA-V014-S03P2-SOURCE-CHECK-MATRIX-001,PARAM-KMFA-1028,KMFA-V014-S03-P2-SOURCE-CHECK-MATRIX-20260703,ACC-V014-S03-P2-SOURCE-CHECK-MATRIX,KMFA/tools/check_v014_s03_p2_source_check_matrix.py,KMFA/stage_artifacts/V014_S03_P2_SOURCE_CHECK_MATRIX/machine/source_check_matrix_manifest.json,PYTHONDONTWRITEBYTECODE=1 PYTHONPATH=. python3 KMFA/tools/check_v014_s03_p2_source_check_matrix.py,KMFA/stage_artifacts/V014_S03_P2_SOURCE_CHECK_MATRIX/human/test_results.md,machine_verified_v014_s03p2_status_events_metadata_only
REQ-P2-101,MOD-KMFA-SOURCE-CHECK-001,ASM-KMFA-006,FORM-KMFA-V014-S03P2-SOURCE-CHECK-MATRIX-001,PARAM-KMFA-1029,KMFA-V014-S03-P2-SOURCE-CHECK-MATRIX-20260703,ACC-V014-S03-P2-SOURCE-CHECK-MATRIX,KMFA/tools/check_v014_s03_p2_source_check_matrix.py,KMFA/stage_artifacts/V014_S03_P2_SOURCE_CHECK_MATRIX/machine/source_check_matrix_manifest.json,PYTHONDONTWRITEBYTECODE=1 PYTHONPATH=. python3 KMFA/tools/check_v014_s03_p2_source_check_matrix.py,KMFA/stage_artifacts/V014_S03_P2_SOURCE_CHECK_MATRIX/human/test_results.md,machine_verified_v014_s03p2_public_safety_upload_deferred
REQ-P2-102,MOD-KMFA-SOURCE-PRIORITY-001,ASM-KMFA-010,FORM-KMFA-V014-S03P3-SOURCE-PRIORITY-001,PARAM-KMFA-1030,KMFA-V014-S03-P3-SOURCE-PRIORITY-20260704,ACC-V014-S03-P3-SOURCE-PRIORITY,KMFA/tools/check_v014_s03_p3_source_priority.py,KMFA/stage_artifacts/V014_S03_P3_SOURCE_PRIORITY/machine/source_priority_manifest.json,PYTHONDONTWRITEBYTECODE=1 PYTHONPATH=. python3 KMFA/tools/check_v014_s03_p3_source_priority.py,KMFA/stage_artifacts/V014_S03_P3_SOURCE_PRIORITY/human/test_results.md,machine_verified_v014_s03p3_priority_counts_local_only_no_go
REQ-P2-103,MOD-KMFA-SOURCE-PRIORITY-001,ASM-KMFA-010,FORM-KMFA-V014-S03P3-SOURCE-PRIORITY-001,PARAM-KMFA-1031,KMFA-V014-S03-P3-SOURCE-PRIORITY-20260704,ACC-V014-S03-P3-SOURCE-PRIORITY,KMFA/tools/check_v014_s03_p3_source_priority.py,KMFA/stage_artifacts/V014_S03_P3_SOURCE_PRIORITY/machine/source_priority_manifest.json,PYTHONDONTWRITEBYTECODE=1 PYTHONPATH=. python3 KMFA/tools/check_v014_s03_p3_source_priority.py,KMFA/stage_artifacts/V014_S03_P3_SOURCE_PRIORITY/human/test_results.md,machine_verified_v014_s03p3_same_source_rerun_policy_local_only_no_go
REQ-P2-104,MOD-KMFA-SOURCE-PRIORITY-001,ASM-KMFA-010,FORM-KMFA-V014-S03P3-SOURCE-PRIORITY-001,PARAM-KMFA-1032,KMFA-V014-S03-P3-SOURCE-PRIORITY-20260704,ACC-V014-S03-P3-SOURCE-PRIORITY,KMFA/tools/check_v014_s03_p3_source_priority.py,KMFA/stage_artifacts/V014_S03_P3_SOURCE_PRIORITY/machine/source_priority_manifest.json,PYTHONDONTWRITEBYTECODE=1 PYTHONPATH=. python3 KMFA/tools/check_v014_s03_p3_source_priority.py,KMFA/stage_artifacts/V014_S03_P3_SOURCE_PRIORITY/human/test_results.md,machine_verified_v014_s03p3_cross_source_queue_no_auto_selection_local_only_no_go
REQ-P2-105,MOD-KMFA-GOV-001,ASM-KMFA-002,FORM-KMFA-V014-S03-STAGE-REVIEW-001,PARAM-KMFA-1033,KMFA-V014-S03-STAGE-REVIEW-20260704,ACC-V014-S03-STAGE-REVIEW,KMFA/tools/check_v014_s03_stage_review.py,KMFA/stage_artifacts/V014_S03_STAGE_REVIEW/machine/stage3_review_manifest.json,PYTHONDONTWRITEBYTECODE=1 PYTHONPATH=. python3 KMFA/tools/check_v014_s03_stage_review.py,KMFA/stage_artifacts/V014_S03_STAGE_REVIEW/human/test_results.md,machine_verified_v014_s03_stage_review_phase_results_local_only_no_go
REQ-P2-106,MOD-KMFA-GOV-001,ASM-KMFA-002,FORM-KMFA-V014-S03-STAGE-REVIEW-001,PARAM-KMFA-1034,KMFA-V014-S03-STAGE-REVIEW-20260704,ACC-V014-S03-STAGE-REVIEW,KMFA/tools/check_v014_s03_stage_review.py,KMFA/stage_artifacts/V014_S03_STAGE_REVIEW/machine/stage3_review_manifest.json,PYTHONDONTWRITEBYTECODE=1 PYTHONPATH=. python3 KMFA/tools/check_v014_s03_stage_review.py,KMFA/stage_artifacts/V014_S03_STAGE_REVIEW/human/test_results.md,machine_verified_v014_s03_stage_review_findings_zero_source_onboarding_counts
REQ-P2-107,MOD-KMFA-GOV-001,ASM-KMFA-002,FORM-KMFA-V014-S03-STAGE-REVIEW-001,PARAM-KMFA-1035,KMFA-V014-S03-STAGE-REVIEW-20260704,ACC-V014-S03-STAGE-REVIEW,KMFA/tools/check_v014_s03_stage_review.py,KMFA/stage_artifacts/V014_S03_STAGE_REVIEW/machine/stage3_review_manifest.json,PYTHONDONTWRITEBYTECODE=1 PYTHONPATH=. python3 KMFA/tools/check_v014_s03_stage_review.py,KMFA/stage_artifacts/V014_S03_STAGE_REVIEW/human/test_results.md,machine_verified_v014_s03_stage_review_no_go_upload_deferred_no_raw_access
REQ-P2-108,MOD-KMFA-COST-001,ASM-KMFA-003,FORM-KMFA-V014-S04P1-AMOUNT-PRECISION-001,PARAM-KMFA-1036,KMFA-V014-S04-P1-AMOUNT-PRECISION-20260704,ACC-V014-S04-P1-AMOUNT-PRECISION,KMFA/tools/check_v014_s04_p1_amount_precision.py,KMFA/stage_artifacts/V014_S04_P1_AMOUNT_PRECISION/machine/amount_precision_manifest.json,PYTHONDONTWRITEBYTECODE=1 PYTHONPATH=. python3 KMFA/tools/check_v014_s04_p1_amount_precision.py,KMFA/stage_artifacts/V014_S04_P1_AMOUNT_PRECISION/human/test_results.md,machine_verified_v014_s04p1_amount_cases_local_only_no_go
REQ-P2-109,MOD-KMFA-COST-001,ASM-KMFA-003,FORM-KMFA-V014-S04P1-AMOUNT-PRECISION-001,PARAM-KMFA-1037,KMFA-V014-S04-P1-AMOUNT-PRECISION-20260704,ACC-V014-S04-P1-AMOUNT-PRECISION,KMFA/tools/check_v014_s04_p1_amount_precision.py,KMFA/stage_artifacts/V014_S04_P1_AMOUNT_PRECISION/machine/amount_precision_manifest.json,PYTHONDONTWRITEBYTECODE=1 PYTHONPATH=. python3 KMFA/tools/check_v014_s04_p1_amount_precision.py,KMFA/stage_artifacts/V014_S04_P1_AMOUNT_PRECISION/human/test_results.md,machine_verified_v014_s04p1_rejections_no_float_local_only_no_go
REQ-P2-110,MOD-KMFA-GOV-001,ASM-KMFA-002,FORM-KMFA-V014-S04P1-AMOUNT-PRECISION-001,PARAM-KMFA-1038,KMFA-V014-S04-P1-AMOUNT-PRECISION-20260704,ACC-V014-S04-P1-AMOUNT-PRECISION,KMFA/tools/check_v014_s04_p1_amount_precision.py,KMFA/stage_artifacts/V014_S04_P1_AMOUNT_PRECISION/machine/amount_precision_manifest.json,PYTHONDONTWRITEBYTECODE=1 PYTHONPATH=. python3 KMFA/tools/check_v014_s04_p1_amount_precision.py,KMFA/stage_artifacts/V014_S04_P1_AMOUNT_PRECISION/human/test_results.md,machine_verified_v014_s04p1_no_go_upload_deferred_no_raw_access
REQ-P2-111,MOD-KMFA-COST-001,ASM-KMFA-003,FORM-KMFA-V014-S04P2-FIELD-STANDARDIZATION-001,PARAM-KMFA-1039,KMFA-V014-S04-P2-FIELD-STANDARDIZATION-20260704,ACC-V014-S04-P2-FIELD-STANDARDIZATION,KMFA/tools/check_v014_s04_p2_field_standardization.py,KMFA/stage_artifacts/V014_S04_P2_FIELD_STANDARDIZATION/machine/field_standardization_manifest.json,PYTHONDONTWRITEBYTECODE=1 PYTHONPATH=. python3 KMFA/tools/check_v014_s04_p2_field_standardization.py,KMFA/stage_artifacts/V014_S04_P2_FIELD_STANDARDIZATION/human/test_results.md,machine_verified_v014_s04p2_field_standardization_counts_local_only_no_go
REQ-P2-112,MOD-KMFA-COST-001,ASM-KMFA-003,FORM-KMFA-V014-S04P2-FIELD-STANDARDIZATION-001,PARAM-KMFA-1040,KMFA-V014-S04-P2-FIELD-STANDARDIZATION-20260704,ACC-V014-S04-P2-FIELD-STANDARDIZATION,KMFA/tools/check_v014_s04_p2_field_standardization.py,KMFA/stage_artifacts/V014_S04_P2_FIELD_STANDARDIZATION/machine/field_standardization_manifest.json,PYTHONDONTWRITEBYTECODE=1 PYTHONPATH=. python3 KMFA/tools/check_v014_s04_p2_field_standardization.py,KMFA/stage_artifacts/V014_S04_P2_FIELD_STANDARDIZATION/human/test_results.md,machine_verified_v014_s04p2_quality_status_no_silent_skip_local_only_no_go
REQ-P2-113,MOD-KMFA-GOV-001,ASM-KMFA-002,FORM-KMFA-V014-S04P2-FIELD-STANDARDIZATION-001,PARAM-KMFA-1041,KMFA-V014-S04-P2-FIELD-STANDARDIZATION-20260704,ACC-V014-S04-P2-FIELD-STANDARDIZATION,KMFA/tools/check_v014_s04_p2_field_standardization.py,KMFA/stage_artifacts/V014_S04_P2_FIELD_STANDARDIZATION/machine/field_standardization_manifest.json,PYTHONDONTWRITEBYTECODE=1 PYTHONPATH=. python3 KMFA/tools/check_v014_s04_p2_field_standardization.py,KMFA/stage_artifacts/V014_S04_P2_FIELD_STANDARDIZATION/human/test_results.md,machine_verified_v014_s04p2_no_go_upload_deferred_no_raw_access
REQ-P2-114,MOD-KMFA-COST-001,ASM-KMFA-003,FORM-KMFA-V014-S04P3-BASIC-TOOL-REPORT-001,PARAM-KMFA-1042,KMFA-V014-S04-P3-BASIC-TOOL-REPORT-20260704,ACC-V014-S04-P3-BASIC-TOOL-REPORT,KMFA/tools/check_v014_s04_p3_basic_tool_report.py,KMFA/stage_artifacts/V014_S04_P3_BASIC_TOOL_REPORT/machine/basic_tool_report_manifest.json,PYTHONDONTWRITEBYTECODE=1 PYTHONPATH=. python3 KMFA/tools/check_v014_s04_p3_basic_tool_report.py,KMFA/stage_artifacts/V014_S04_P3_BASIC_TOOL_REPORT/human/test_results.md,machine_verified_v014_s04p3_basic_tool_case_counts_local_only_no_go
REQ-P2-115,MOD-KMFA-COST-001,ASM-KMFA-003,FORM-KMFA-V014-S04P3-BASIC-TOOL-REPORT-001,PARAM-KMFA-1043,KMFA-V014-S04-P3-BASIC-TOOL-REPORT-20260704,ACC-V014-S04-P3-BASIC-TOOL-REPORT,KMFA/tools/check_v014_s04_p3_basic_tool_report.py,KMFA/stage_artifacts/V014_S04_P3_BASIC_TOOL_REPORT/machine/basic_tool_report_manifest.json,PYTHONDONTWRITEBYTECODE=1 PYTHONPATH=. python3 KMFA/tools/check_v014_s04_p3_basic_tool_report.py,KMFA/stage_artifacts/V014_S04_P3_BASIC_TOOL_REPORT/human/test_results.md,machine_verified_v014_s04p3_json_markdown_tool_report_local_only_no_go
REQ-P2-116,MOD-KMFA-GOV-001,ASM-KMFA-002,FORM-KMFA-V014-S04P3-BASIC-TOOL-REPORT-001,PARAM-KMFA-1044,KMFA-V014-S04-P3-BASIC-TOOL-REPORT-20260704,ACC-V014-S04-P3-BASIC-TOOL-REPORT,KMFA/tools/check_v014_s04_p3_basic_tool_report.py,KMFA/stage_artifacts/V014_S04_P3_BASIC_TOOL_REPORT/machine/basic_tool_report_manifest.json,PYTHONDONTWRITEBYTECODE=1 PYTHONPATH=. python3 KMFA/tools/check_v014_s04_p3_basic_tool_report.py,KMFA/stage_artifacts/V014_S04_P3_BASIC_TOOL_REPORT/human/test_results.md,machine_verified_v014_s04p3_no_go_upload_deferred_no_raw_access
REQ-P2-117,MOD-KMFA-GOV-001,ASM-KMFA-002,FORM-KMFA-V014-S04-STAGE-REVIEW-001,PARAM-KMFA-1045,KMFA-V014-S04-STAGE-REVIEW-20260704,ACC-V014-S04-STAGE-REVIEW,KMFA/tools/check_v014_s04_stage_review.py,KMFA/stage_artifacts/V014_S04_STAGE_REVIEW/machine/stage4_review_manifest.json,PYTHONDONTWRITEBYTECODE=1 PYTHONPATH=. python3 KMFA/tools/check_v014_s04_stage_review.py,KMFA/stage_artifacts/V014_S04_STAGE_REVIEW/human/test_results.md,machine_verified_v014_s04_stage_review_phase_results_local_only_no_go
REQ-P2-118,MOD-KMFA-GOV-001,ASM-KMFA-002,FORM-KMFA-V014-S04-STAGE-REVIEW-001,PARAM-KMFA-1046,KMFA-V014-S04-STAGE-REVIEW-20260704,ACC-V014-S04-STAGE-REVIEW,KMFA/tools/check_v014_s04_stage_review.py,KMFA/stage_artifacts/V014_S04_STAGE_REVIEW/machine/stage4_review_manifest.json,PYTHONDONTWRITEBYTECODE=1 PYTHONPATH=. python3 KMFA/tools/check_v014_s04_stage_review.py,KMFA/stage_artifacts/V014_S04_STAGE_REVIEW/human/test_results.md,machine_verified_v014_s04_stage_review_findings_zero_tool_counts
REQ-P2-119,MOD-KMFA-GOV-001,ASM-KMFA-002,FORM-KMFA-V014-S04-STAGE-REVIEW-001,PARAM-KMFA-1047,KMFA-V014-S04-STAGE-REVIEW-20260704,ACC-V014-S04-STAGE-REVIEW,KMFA/tools/check_v014_s04_stage_review.py,KMFA/stage_artifacts/V014_S04_STAGE_REVIEW/machine/stage4_review_manifest.json,PYTHONDONTWRITEBYTECODE=1 PYTHONPATH=. python3 KMFA/tools/check_v014_s04_stage_review.py,KMFA/stage_artifacts/V014_S04_STAGE_REVIEW/human/test_results.md,machine_verified_v014_s04_stage_review_no_go_upload_deferred_no_raw_access
REQ-P2-120,MOD-KMFA-COST-001,ASM-KMFA-003,FORM-KMFA-V014-S05P1-A0-FILE-REGISTRATION-001,PARAM-KMFA-1048,KMFA-V014-S05-P1-A0-FILE-REGISTRATION-20260704,ACC-V014-S05-P1-A0-FILE-REGISTRATION,KMFA/tools/check_v014_s05_p1_a0_file_registration.py,KMFA/stage_artifacts/V014_S05_P1_A0_FILE_REGISTRATION/machine/a0_file_registration_manifest.json,PYTHONDONTWRITEBYTECODE=1 PYTHONPATH=. python3 KMFA/tools/check_v014_s05_p1_a0_file_registration.py --require-private-diagnostic,KMFA/stage_artifacts/V014_S05_P1_A0_FILE_REGISTRATION/human/test_results.md,machine_verified_v014_s05p1_a0_file_counts_local_only_no_go
REQ-P2-121,MOD-KMFA-COST-001,ASM-KMFA-003,FORM-KMFA-V014-S05P1-A0-FILE-REGISTRATION-001,PARAM-KMFA-1049,KMFA-V014-S05-P1-A0-FILE-REGISTRATION-20260704,ACC-V014-S05-P1-A0-FILE-REGISTRATION,KMFA/tools/check_v014_s05_p1_a0_file_registration.py,KMFA/metadata/baseline/v014_s05_p1_a0_project_candidates.jsonl,PYTHONDONTWRITEBYTECODE=1 PYTHONPATH=. python3 KMFA/tools/check_v014_s05_p1_a0_file_registration.py --require-private-diagnostic,KMFA/stage_artifacts/V014_S05_P1_A0_FILE_REGISTRATION/human/test_results.md,machine_verified_v014_s05p1_q3_q4_q5_candidate_counts_local_only_no_go
REQ-P2-122,MOD-KMFA-GOV-001,ASM-KMFA-004,FORM-KMFA-V014-S05P1-A0-FILE-REGISTRATION-001,PARAM-KMFA-1050,KMFA-V014-S05-P1-A0-FILE-REGISTRATION-20260704,ACC-V014-S05-P1-A0-FILE-REGISTRATION,KMFA/tools/check_v014_s05_p1_a0_file_registration.py,KMFA/stage_artifacts/V014_S05_P1_A0_FILE_REGISTRATION/machine/a0_file_registration_manifest.json,PYTHONDONTWRITEBYTECODE=1 PYTHONPATH=. python3 KMFA/tools/check_v014_s05_p1_a0_file_registration.py --require-private-diagnostic,KMFA/stage_artifacts/V014_S05_P1_A0_FILE_REGISTRATION/human/test_results.md,machine_verified_v014_s05p1_raw_public_boundary_upload_deferred
REQ-P2-123,MOD-KMFA-COST-001,ASM-KMFA-003,FORM-KMFA-V014-S05P2-FIELD-GOLDEN-BASELINE-001,PARAM-KMFA-1051,KMFA-V014-S05-P2-FIELD-GOLDEN-BASELINE-20260704,ACC-V014-S05-P2-FIELD-GOLDEN-BASELINE,KMFA/tools/check_v014_s05_p2_field_golden_baseline.py,KMFA/stage_artifacts/V014_S05_P2_FIELD_GOLDEN_BASELINE/machine/field_golden_baseline_manifest.json,PYTHONDONTWRITEBYTECODE=1 PYTHONPATH=. python3 KMFA/tools/check_v014_s05_p2_field_golden_baseline.py,KMFA/stage_artifacts/V014_S05_P2_FIELD_GOLDEN_BASELINE/human/test_results.md,machine_verified_v014_s05p2_field_contract_candidate_counts_local_only_no_go
REQ-P2-124,MOD-KMFA-COST-001,ASM-KMFA-003,FORM-KMFA-V014-S05P2-FIELD-GOLDEN-BASELINE-001,PARAM-KMFA-1052,KMFA-V014-S05-P2-FIELD-GOLDEN-BASELINE-20260704,ACC-V014-S05-P2-FIELD-GOLDEN-BASELINE,KMFA/tools/check_v014_s05_p2_field_golden_baseline.py,KMFA/metadata/baseline/v014_s05_p2_field_candidates.jsonl,PYTHONDONTWRITEBYTECODE=1 PYTHONPATH=. python3 KMFA/tools/check_v014_s05_p2_field_golden_baseline.py,KMFA/stage_artifacts/V014_S05_P2_FIELD_GOLDEN_BASELINE/human/test_results.md,machine_verified_v014_s05p2_anchor_hash_status_counts_local_only_no_go
REQ-P2-125,MOD-KMFA-COST-001,ASM-KMFA-003,FORM-KMFA-V014-S05P2-FIELD-GOLDEN-BASELINE-001,PARAM-KMFA-1053,KMFA-V014-S05-P2-FIELD-GOLDEN-BASELINE-20260704,ACC-V014-S05-P2-FIELD-GOLDEN-BASELINE,KMFA/tools/check_v014_s05_p2_field_golden_baseline.py,KMFA/stage_artifacts/V014_S05_P2_FIELD_GOLDEN_BASELINE/machine/field_golden_baseline_manifest.json,PYTHONDONTWRITEBYTECODE=1 PYTHONPATH=. python3 KMFA/tools/check_v014_s05_p2_field_golden_baseline.py,KMFA/stage_artifacts/V014_S05_P2_FIELD_GOLDEN_BASELINE/human/test_results.md,machine_verified_v014_s05p2_owner_downgrade_q3_q4_q5_counts_local_only_no_go
REQ-P2-126,MOD-KMFA-GOV-001,ASM-KMFA-004,FORM-KMFA-V014-S05P2-FIELD-GOLDEN-BASELINE-001,PARAM-KMFA-1054,KMFA-V014-S05-P2-FIELD-GOLDEN-BASELINE-20260704,ACC-V014-S05-P2-FIELD-GOLDEN-BASELINE,KMFA/tools/check_v014_s05_p2_field_golden_baseline.py,KMFA/stage_artifacts/V014_S05_P2_FIELD_GOLDEN_BASELINE/machine/field_golden_baseline_manifest.json,PYTHONDONTWRITEBYTECODE=1 PYTHONPATH=. python3 KMFA/tools/check_v014_s05_p2_field_golden_baseline.py,KMFA/stage_artifacts/V014_S05_P2_FIELD_GOLDEN_BASELINE/human/test_results.md,machine_verified_v014_s05p2_raw_public_boundary_upload_deferred
REQ-P2-127,MOD-KMFA-COST-001,ASM-KMFA-003,FORM-KMFA-V014-S05P3-AUTHORITY-BASELINE-LOCK-001,PARAM-KMFA-1055,KMFA-V014-S05-P3-AUTHORITY-BASELINE-LOCK-20260704,ACC-V014-S05-P3-AUTHORITY-BASELINE-LOCK,KMFA/tools/check_v014_s05_p3_authority_baseline_lock.py,KMFA/stage_artifacts/V014_S05_P3_AUTHORITY_BASELINE_LOCK/machine/authority_baseline_lock_manifest.json,PYTHONDONTWRITEBYTECODE=1 PYTHONPATH=. python3 KMFA/tools/check_v014_s05_p3_authority_baseline_lock.py,KMFA/stage_artifacts/V014_S05_P3_AUTHORITY_BASELINE_LOCK/human/test_results.md,machine_verified_v014_s05p3_authority_record_counts_local_only_no_go
REQ-P2-128,MOD-KMFA-COST-001,ASM-KMFA-006,FORM-KMFA-V014-S05P3-AUTHORITY-BASELINE-LOCK-001,PARAM-KMFA-1056,KMFA-V014-S05-P3-AUTHORITY-BASELINE-LOCK-20260704,ACC-V014-S05-P3-AUTHORITY-BASELINE-LOCK,KMFA/tools/check_v014_s05_p3_authority_baseline_lock.py,KMFA/metadata/baseline/v014_s05_p3_authority_baseline_manifest.json,PYTHONDONTWRITEBYTECODE=1 PYTHONPATH=. python3 KMFA/tools/check_v014_s05_p3_authority_baseline_lock.py,KMFA/stage_artifacts/V014_S05_P3_AUTHORITY_BASELINE_LOCK/human/test_results.md,machine_verified_v014_s05p3_quality_gate_counts_local_only_no_go
REQ-P2-129,MOD-KMFA-COST-001,ASM-KMFA-006,FORM-KMFA-V014-S05P3-AUTHORITY-BASELINE-LOCK-001,PARAM-KMFA-1057,KMFA-V014-S05-P3-AUTHORITY-BASELINE-LOCK-20260704,ACC-V014-S05-P3-AUTHORITY-BASELINE-LOCK,KMFA/tools/check_v014_s05_p3_authority_baseline_lock.py,KMFA/stage_artifacts/V014_S05_P3_AUTHORITY_BASELINE_LOCK/machine/authority_baseline_lock_manifest.json,PYTHONDONTWRITEBYTECODE=1 PYTHONPATH=. python3 KMFA/tools/check_v014_s05_p3_authority_baseline_lock.py,KMFA/stage_artifacts/V014_S05_P3_AUTHORITY_BASELINE_LOCK/human/test_results.md,machine_verified_v014_s05p3_zero_delta_lineage_formal_report_boundary
REQ-P2-130,MOD-KMFA-GOV-001,ASM-KMFA-004,FORM-KMFA-V014-S05P3-AUTHORITY-BASELINE-LOCK-001,PARAM-KMFA-1058,KMFA-V014-S05-P3-AUTHORITY-BASELINE-LOCK-20260704,ACC-V014-S05-P3-AUTHORITY-BASELINE-LOCK,KMFA/tools/check_v014_s05_p3_authority_baseline_lock.py,KMFA/stage_artifacts/V014_S05_P3_AUTHORITY_BASELINE_LOCK/machine/authority_baseline_lock_manifest.json,PYTHONDONTWRITEBYTECODE=1 PYTHONPATH=. python3 KMFA/tools/check_v014_s05_p3_authority_baseline_lock.py,KMFA/stage_artifacts/V014_S05_P3_AUTHORITY_BASELINE_LOCK/human/test_results.md,machine_verified_v014_s05p3_raw_public_boundary_upload_deferred
REQ-P2-131,MOD-KMFA-GOV-001,ASM-KMFA-002,FORM-KMFA-V014-S05-STAGE-REVIEW-001,PARAM-KMFA-1059,KMFA-V014-S05-STAGE-REVIEW-20260704,ACC-V014-S05-STAGE-REVIEW,KMFA/tools/check_v014_s05_stage_review.py,KMFA/stage_artifacts/V014_S05_STAGE_REVIEW/machine/stage5_review_manifest.json,PYTHONDONTWRITEBYTECODE=1 PYTHONPATH=. python3 KMFA/tools/check_v014_s05_stage_review.py,KMFA/stage_artifacts/V014_S05_STAGE_REVIEW/human/test_results.md,machine_verified_v014_s05_stage_review_phase_results_counts
REQ-P2-132,MOD-KMFA-GOV-001,ASM-KMFA-006,FORM-KMFA-V014-S05-STAGE-REVIEW-001,PARAM-KMFA-1060,KMFA-V014-S05-STAGE-REVIEW-20260704,ACC-V014-S05-STAGE-REVIEW,KMFA/tools/check_v014_s05_stage_review.py,KMFA/stage_artifacts/V014_S05_STAGE_REVIEW/machine/stage5_review_manifest.json,PYTHONDONTWRITEBYTECODE=1 PYTHONPATH=. python3 KMFA/tools/check_v014_s05_stage_review.py,KMFA/stage_artifacts/V014_S05_STAGE_REVIEW/human/test_results.md,machine_verified_v014_s05_stage_review_release_boundary_no_go
REQ-P2-133,MOD-KMFA-GOV-001,ASM-KMFA-004,FORM-KMFA-V014-S05-STAGE-REVIEW-001,PARAM-KMFA-1061,KMFA-V014-S05-STAGE-REVIEW-20260704,ACC-V014-S05-STAGE-REVIEW,KMFA/tools/check_v014_s05_stage_review.py,KMFA/stage_artifacts/V014_S05_STAGE_REVIEW/machine/stage5_review_manifest.json,PYTHONDONTWRITEBYTECODE=1 PYTHONPATH=. python3 KMFA/tools/check_v014_s05_stage_review.py,KMFA/stage_artifacts/V014_S05_STAGE_REVIEW/human/test_results.md,machine_verified_v014_s05_stage_review_raw_scope_upload_deferred
REQ-P2-134,MOD-KMFA-COST-001,ASM-KMFA-003,FORM-KMFA-V014-S06P1-ZERO-DELTA-VALIDATOR-001,PARAM-KMFA-1062,KMFA-V014-S06-P1-ZERO-DELTA-VALIDATOR-20260704,ACC-V014-S06-P1-ZERO-DELTA-VALIDATOR,KMFA/tools/check_v014_s06_p1_zero_delta_validator.py,KMFA/stage_artifacts/V014_S06_P1_ZERO_DELTA_VALIDATOR/machine/zero_delta_validator_manifest.json,PYTHONDONTWRITEBYTECODE=1 PYTHONPATH=. python3 KMFA/tools/check_v014_s06_p1_zero_delta_validator.py,KMFA/stage_artifacts/V014_S06_P1_ZERO_DELTA_VALIDATOR/human/test_results.md,machine_verified_v014_s06p1_pass_fixture_counts_local_only_no_go
REQ-P2-135,MOD-KMFA-COST-001,ASM-KMFA-006,FORM-KMFA-V014-S06P1-ZERO-DELTA-VALIDATOR-001,PARAM-KMFA-1063,KMFA-V014-S06-P1-ZERO-DELTA-VALIDATOR-20260704,ACC-V014-S06-P1-ZERO-DELTA-VALIDATOR,KMFA/tools/check_v014_s06_p1_zero_delta_validator.py,KMFA/stage_artifacts/V014_S06_P1_ZERO_DELTA_VALIDATOR/machine/mismatch_report.csv,PYTHONDONTWRITEBYTECODE=1 PYTHONPATH=. python3 KMFA/tools/check_v014_s06_p1_zero_delta_validator.py,KMFA/stage_artifacts/V014_S06_P1_ZERO_DELTA_VALIDATOR/human/test_results.md,machine_verified_v014_s06p1_one_cent_mismatch_report_local_only_no_go
REQ-P2-136,MOD-KMFA-GOV-001,ASM-KMFA-004,FORM-KMFA-V014-S06P1-ZERO-DELTA-VALIDATOR-001,PARAM-KMFA-1064,KMFA-V014-S06-P1-ZERO-DELTA-VALIDATOR-20260704,ACC-V014-S06-P1-ZERO-DELTA-VALIDATOR,KMFA/tools/check_v014_s06_p1_zero_delta_validator.py,KMFA/stage_artifacts/V014_S06_P1_ZERO_DELTA_VALIDATOR/machine/zero_delta_validator_manifest.json,PYTHONDONTWRITEBYTECODE=1 PYTHONPATH=. python3 KMFA/tools/check_v014_s06_p1_zero_delta_validator.py,KMFA/stage_artifacts/V014_S06_P1_ZERO_DELTA_VALIDATOR/human/test_results.md,machine_verified_v014_s06p1_boundary_no_difference_queue_upload_or_raw
REQ-P2-137,MOD-KMFA-COST-001,ASM-KMFA-003,FORM-KMFA-V014-S06P2-DIFFERENCE-QUEUE-001,PARAM-KMFA-1065,KMFA-V014-S06-P2-DIFFERENCE-QUEUE-20260704,ACC-V014-S06-P2-DIFFERENCE-QUEUE,KMFA/tools/check_v014_s06_p2_difference_queue.py,KMFA/stage_artifacts/V014_S06_P2_DIFFERENCE_QUEUE/machine/difference_queue_manifest.json,PYTHONDONTWRITEBYTECODE=1 PYTHONPATH=. python3 KMFA/tools/check_v014_s06_p2_difference_queue.py,KMFA/stage_artifacts/V014_S06_P2_DIFFERENCE_QUEUE/human/test_results.md,machine_verified_v014_s06p2_queue_conflict_counts_local_only_no_go
REQ-P2-138,MOD-KMFA-COST-001,ASM-KMFA-006,FORM-KMFA-V014-S06P2-DIFFERENCE-QUEUE-001,PARAM-KMFA-1066,KMFA-V014-S06-P2-DIFFERENCE-QUEUE-20260704,ACC-V014-S06-P2-DIFFERENCE-QUEUE,KMFA/tools/check_v014_s06_p2_difference_queue.py,KMFA/stage_artifacts/V014_S06_P2_DIFFERENCE_QUEUE/machine/source_difference_queue.jsonl,PYTHONDONTWRITEBYTECODE=1 PYTHONPATH=. python3 KMFA/tools/check_v014_s06_p2_difference_queue.py,KMFA/stage_artifacts/V014_S06_P2_DIFFERENCE_QUEUE/human/test_results.md,machine_verified_v014_s06p2_auto_resolution_forbidden_local_only_no_go
REQ-P2-139,MOD-KMFA-GOV-001,ASM-KMFA-004,FORM-KMFA-V014-S06P2-DIFFERENCE-QUEUE-001,PARAM-KMFA-1067,KMFA-V014-S06-P2-DIFFERENCE-QUEUE-20260704,ACC-V014-S06-P2-DIFFERENCE-QUEUE,KMFA/tools/check_v014_s06_p2_difference_queue.py,KMFA/stage_artifacts/V014_S06_P2_DIFFERENCE_QUEUE/machine/report_grade_gate.json,PYTHONDONTWRITEBYTECODE=1 PYTHONPATH=. python3 KMFA/tools/check_v014_s06_p2_difference_queue.py,KMFA/stage_artifacts/V014_S06_P2_DIFFERENCE_QUEUE/human/test_results.md,machine_verified_v014_s06p2_report_grade_boundary_no_upload_or_raw
REQ-P2-140,MOD-KMFA-COST-001,ASM-KMFA-003,FORM-KMFA-V014-S06P3-VALIDATION-EVIDENCE-001,PARAM-KMFA-1068,KMFA-V014-S06-P3-VALIDATION-EVIDENCE-20260704,ACC-V014-S06-P3-VALIDATION-EVIDENCE,KMFA/tools/check_v014_s06_p3_validation_evidence.py,KMFA/stage_artifacts/V014_S06_P3_VALIDATION_EVIDENCE/machine/validation_evidence_manifest.json,PYTHONDONTWRITEBYTECODE=1 PYTHONPATH=. python3 KMFA/tools/check_v014_s06_p3_validation_evidence.py,KMFA/stage_artifacts/V014_S06_P3_VALIDATION_EVIDENCE/human/test_results.md,machine_verified_v014_s06p3_validation_evidence_counts_local_only_no_go
REQ-P2-141,MOD-KMFA-COST-001,ASM-KMFA-006,FORM-KMFA-V014-S06P3-VALIDATION-EVIDENCE-001,PARAM-KMFA-1069,KMFA-V014-S06-P3-VALIDATION-EVIDENCE-20260704,ACC-V014-S06-P3-VALIDATION-EVIDENCE,KMFA/tools/check_v014_s06_p3_validation_evidence.py,KMFA/stage_artifacts/V014_S06_P3_VALIDATION_EVIDENCE/machine/project_validation_status.jsonl,PYTHONDONTWRITEBYTECODE=1 PYTHONPATH=. python3 KMFA/tools/check_v014_s06_p3_validation_evidence.py,KMFA/stage_artifacts/V014_S06_P3_VALIDATION_EVIDENCE/human/test_results.md,machine_verified_v014_s06p3_quality_report_gate_no_go
REQ-P2-142,MOD-KMFA-GOV-001,ASM-KMFA-004,FORM-KMFA-V014-S06P3-VALIDATION-EVIDENCE-001,PARAM-KMFA-1070,KMFA-V014-S06-P3-VALIDATION-EVIDENCE-20260704,ACC-V014-S06-P3-VALIDATION-EVIDENCE,KMFA/tools/check_v014_s06_p3_validation_evidence.py,KMFA/stage_artifacts/V014_S06_P3_VALIDATION_EVIDENCE/machine/validation_evidence_manifest.json,PYTHONDONTWRITEBYTECODE=1 PYTHONPATH=. python3 KMFA/tools/check_v014_s06_p3_validation_evidence.py,KMFA/stage_artifacts/V014_S06_P3_VALIDATION_EVIDENCE/human/test_results.md,machine_verified_v014_s06p3_raw_public_boundary_no_review_or_upload
REQ-P2-143,MOD-KMFA-GOV-001,ASM-KMFA-002,FORM-KMFA-V014-S06-STAGE-REVIEW-001,PARAM-KMFA-1071,KMFA-V014-S06-STAGE-REVIEW-20260704,ACC-V014-S06-STAGE-REVIEW,KMFA/tools/check_v014_s06_stage_review.py,KMFA/stage_artifacts/V014_S06_STAGE_REVIEW/machine/stage6_review_manifest.json,PYTHONDONTWRITEBYTECODE=1 PYTHONPATH=. python3 KMFA/tools/check_v014_s06_stage_review.py,KMFA/stage_artifacts/V014_S06_STAGE_REVIEW/human/test_results.md,machine_verified_v014_s06_stage_review_phase_results_counts
REQ-P2-144,MOD-KMFA-GOV-001,ASM-KMFA-006,FORM-KMFA-V014-S06-STAGE-REVIEW-001,PARAM-KMFA-1072,KMFA-V014-S06-STAGE-REVIEW-20260704,ACC-V014-S06-STAGE-REVIEW,KMFA/tools/check_v014_s06_stage_review.py,KMFA/stage_artifacts/V014_S06_STAGE_REVIEW/machine/stage6_review_manifest.json,PYTHONDONTWRITEBYTECODE=1 PYTHONPATH=. python3 KMFA/tools/check_v014_s06_stage_review.py,KMFA/stage_artifacts/V014_S06_STAGE_REVIEW/human/test_results.md,machine_verified_v014_s06_stage_review_release_boundary_no_go
REQ-P2-145,MOD-KMFA-GOV-001,ASM-KMFA-004,FORM-KMFA-V014-S06-STAGE-REVIEW-001,PARAM-KMFA-1073,KMFA-V014-S06-STAGE-REVIEW-20260704,ACC-V014-S06-STAGE-REVIEW,KMFA/tools/check_v014_s06_stage_review.py,KMFA/stage_artifacts/V014_S06_STAGE_REVIEW/machine/stage6_review_manifest.json,PYTHONDONTWRITEBYTECODE=1 PYTHONPATH=. python3 KMFA/tools/check_v014_s06_stage_review.py,KMFA/stage_artifacts/V014_S06_STAGE_REVIEW/human/test_results.md,machine_verified_v014_s06_stage_review_raw_scope_no_s07_or_upload
REQ-P2-146,MOD-KMFA-COST-001,ASM-KMFA-014,FORM-KMFA-V014-S07P1-FINANCE-FILE-ADAPTER-001,PARAM-KMFA-1074,KMFA-V014-S07-P1-FINANCE-FILE-ADAPTER-20260704,ACC-V014-S07-P1-FINANCE-FILE-ADAPTER,KMFA/tools/check_v014_s07_p1_finance_file_adapter.py,KMFA/stage_artifacts/V014_S07_P1_FINANCE_FILE_ADAPTER/machine/finance_file_adapter_manifest.json,PYTHONDONTWRITEBYTECODE=1 PYTHONPATH=. python3 KMFA/tools/check_v014_s07_p1_finance_file_adapter.py,KMFA/stage_artifacts/V014_S07_P1_FINANCE_FILE_ADAPTER/human/test_results.md,machine_verified_v014_s07p1_finance_adapter_counts_local_only_no_go
REQ-P2-147,MOD-KMFA-COST-001,ASM-KMFA-006,FORM-KMFA-V014-S07P1-FINANCE-FILE-ADAPTER-001,PARAM-KMFA-1075,KMFA-V014-S07-P1-FINANCE-FILE-ADAPTER-20260704,ACC-V014-S07-P1-FINANCE-FILE-ADAPTER,KMFA/tools/check_v014_s07_p1_finance_file_adapter.py,KMFA/stage_artifacts/V014_S07_P1_FINANCE_FILE_ADAPTER/machine/finance_file_adapter_manifest.json,PYTHONDONTWRITEBYTECODE=1 PYTHONPATH=. python3 KMFA/tools/check_v014_s07_p1_finance_file_adapter.py,KMFA/stage_artifacts/V014_S07_P1_FINANCE_FILE_ADAPTER/human/test_results.md,machine_verified_v014_s07p1_quality_report_gate_no_go
REQ-P2-148,MOD-KMFA-GOV-001,ASM-KMFA-004,FORM-KMFA-V014-S07P1-FINANCE-FILE-ADAPTER-001,PARAM-KMFA-1076,KMFA-V014-S07-P1-FINANCE-FILE-ADAPTER-20260704,ACC-V014-S07-P1-FINANCE-FILE-ADAPTER,KMFA/tools/check_v014_s07_p1_finance_file_adapter.py,KMFA/stage_artifacts/V014_S07_P1_FINANCE_FILE_ADAPTER/machine/finance_file_adapter_manifest.json,PYTHONDONTWRITEBYTECODE=1 PYTHONPATH=. python3 KMFA/tools/check_v014_s07_p1_finance_file_adapter.py,KMFA/stage_artifacts/V014_S07_P1_FINANCE_FILE_ADAPTER/human/test_results.md,machine_verified_v014_s07p1_raw_scope_no_review_or_upload
REQ-P2-149,MOD-KMFA-COST-001,ASM-KMFA-015,FORM-KMFA-V014-S07P2-WPS-FILE-ADAPTER-001,PARAM-KMFA-1077,KMFA-V014-S07-P2-WPS-FILE-ADAPTER-20260704,ACC-V014-S07-P2-WPS-FILE-ADAPTER,KMFA/tools/check_v014_s07_p2_wps_file_adapter.py,KMFA/stage_artifacts/V014_S07_P2_WPS_FILE_ADAPTER/machine/wps_file_adapter_manifest.json,PYTHONDONTWRITEBYTECODE=1 PYTHONPATH=. python3 KMFA/tools/check_v014_s07_p2_wps_file_adapter.py,KMFA/stage_artifacts/V014_S07_P2_WPS_FILE_ADAPTER/human/test_results.md,machine_verified_v014_s07p2_wps_adapter_counts_local_only_no_go
REQ-P2-150,MOD-KMFA-COST-001,ASM-KMFA-006,FORM-KMFA-V014-S07P2-WPS-FILE-ADAPTER-001,PARAM-KMFA-1078,KMFA-V014-S07-P2-WPS-FILE-ADAPTER-20260704,ACC-V014-S07-P2-WPS-FILE-ADAPTER,KMFA/tools/check_v014_s07_p2_wps_file_adapter.py,KMFA/stage_artifacts/V014_S07_P2_WPS_FILE_ADAPTER/machine/wps_file_adapter_manifest.json,PYTHONDONTWRITEBYTECODE=1 PYTHONPATH=. python3 KMFA/tools/check_v014_s07_p2_wps_file_adapter.py,KMFA/stage_artifacts/V014_S07_P2_WPS_FILE_ADAPTER/human/test_results.md,machine_verified_v014_s07p2_quality_report_gate_no_go
REQ-P2-151,MOD-KMFA-GOV-001,ASM-KMFA-004,FORM-KMFA-V014-S07P2-WPS-FILE-ADAPTER-001,PARAM-KMFA-1079,KMFA-V014-S07-P2-WPS-FILE-ADAPTER-20260704,ACC-V014-S07-P2-WPS-FILE-ADAPTER,KMFA/tools/check_v014_s07_p2_wps_file_adapter.py,KMFA/stage_artifacts/V014_S07_P2_WPS_FILE_ADAPTER/machine/wps_file_adapter_manifest.json,PYTHONDONTWRITEBYTECODE=1 PYTHONPATH=. python3 KMFA/tools/check_v014_s07_p2_wps_file_adapter.py,KMFA/stage_artifacts/V014_S07_P2_WPS_FILE_ADAPTER/human/test_results.md,machine_verified_v014_s07p2_raw_scope_no_review_or_upload
REQ-P2-152,MOD-KMFA-COST-001,ASM-KMFA-016,FORM-KMFA-V014-S07P3-REDCIRCLE-POSTPONEMENT-001,PARAM-KMFA-1080,KMFA-V014-S07-P3-REDCIRCLE-POSTPONEMENT-20260704,ACC-V014-S07-P3-REDCIRCLE-POSTPONEMENT,KMFA/tools/check_v014_s07_p3_redcircle_postponement.py,KMFA/stage_artifacts/V014_S07_P3_REDCIRCLE_POSTPONEMENT_POLICY/machine/redcircle_postponement_manifest.json,PYTHONDONTWRITEBYTECODE=1 PYTHONPATH=. python3 KMFA/tools/check_v014_s07_p3_redcircle_postponement.py,KMFA/stage_artifacts/V014_S07_P3_REDCIRCLE_POSTPONEMENT_POLICY/human/test_results.md,machine_verified_v014_s07p3_redcircle_postponement_counts_local_only_no_go
REQ-P2-153,MOD-KMFA-COST-001,ASM-KMFA-006,FORM-KMFA-V014-S07P3-REDCIRCLE-POSTPONEMENT-001,PARAM-KMFA-1081,KMFA-V014-S07-P3-REDCIRCLE-POSTPONEMENT-20260704,ACC-V014-S07-P3-REDCIRCLE-POSTPONEMENT,KMFA/tools/check_v014_s07_p3_redcircle_postponement.py,KMFA/stage_artifacts/V014_S07_P3_REDCIRCLE_POSTPONEMENT_POLICY/machine/redcircle_future_rollback_plan.jsonl,PYTHONDONTWRITEBYTECODE=1 PYTHONPATH=. python3 KMFA/tools/check_v014_s07_p3_redcircle_postponement.py,KMFA/stage_artifacts/V014_S07_P3_REDCIRCLE_POSTPONEMENT_POLICY/human/test_results.md,machine_verified_v014_s07p3_future_controls_no_report_no_connector
REQ-P2-154,MOD-KMFA-GOV-001,ASM-KMFA-004,FORM-KMFA-V014-S07P3-REDCIRCLE-POSTPONEMENT-001,PARAM-KMFA-1082,KMFA-V014-S07-P3-REDCIRCLE-POSTPONEMENT-20260704,ACC-V014-S07-P3-REDCIRCLE-POSTPONEMENT,KMFA/tools/check_v014_s07_p3_redcircle_postponement.py,KMFA/stage_artifacts/V014_S07_P3_REDCIRCLE_POSTPONEMENT_POLICY/machine/redcircle_postponement_manifest.json,PYTHONDONTWRITEBYTECODE=1 PYTHONPATH=. python3 KMFA/tools/check_v014_s07_p3_redcircle_postponement.py,KMFA/stage_artifacts/V014_S07_P3_REDCIRCLE_POSTPONEMENT_POLICY/human/test_results.md,machine_verified_v014_s07p3_raw_scope_no_stage_review_or_upload
REQ-P2-155,MOD-KMFA-GOV-001,ASM-KMFA-002,FORM-KMFA-V014-S07-STAGE-REVIEW-001,PARAM-KMFA-1083,KMFA-V014-S07-STAGE-REVIEW-20260704,ACC-V014-S07-STAGE-REVIEW,KMFA/tools/check_v014_s07_stage_review.py,KMFA/stage_artifacts/V014_S07_STAGE_REVIEW/machine/stage7_review_manifest.json,PYTHONDONTWRITEBYTECODE=1 PYTHONPATH=. python3 KMFA/tools/check_v014_s07_stage_review.py,KMFA/stage_artifacts/V014_S07_STAGE_REVIEW/human/test_results.md,machine_verified_v014_s07_stage_review_phase_results_counts
REQ-P2-156,MOD-KMFA-GOV-001,ASM-KMFA-006,FORM-KMFA-V014-S07-STAGE-REVIEW-001,PARAM-KMFA-1084,KMFA-V014-S07-STAGE-REVIEW-20260704,ACC-V014-S07-STAGE-REVIEW,KMFA/tools/check_v014_s07_stage_review.py,KMFA/stage_artifacts/V014_S07_STAGE_REVIEW/machine/stage7_review_manifest.json,PYTHONDONTWRITEBYTECODE=1 PYTHONPATH=. python3 KMFA/tools/check_v014_s07_stage_review.py,KMFA/stage_artifacts/V014_S07_STAGE_REVIEW/human/test_results.md,machine_verified_v014_s07_stage_review_release_boundary_no_go
REQ-P2-157,MOD-KMFA-GOV-001,ASM-KMFA-004,FORM-KMFA-V014-S07-STAGE-REVIEW-001,PARAM-KMFA-1085,KMFA-V014-S07-STAGE-REVIEW-20260704,ACC-V014-S07-STAGE-REVIEW,KMFA/tools/check_v014_s07_stage_review.py,KMFA/stage_artifacts/V014_S07_STAGE_REVIEW/machine/stage7_review_manifest.json,PYTHONDONTWRITEBYTECODE=1 PYTHONPATH=. python3 KMFA/tools/check_v014_s07_stage_review.py,KMFA/stage_artifacts/V014_S07_STAGE_REVIEW/human/test_results.md,machine_verified_v014_s07_stage_review_raw_scope_no_s08_or_upload
REQ-P2-158,MOD-KMFA-COST-001,ASM-KMFA-003,FORM-KMFA-V014-S08P1-PROJECT-COMPOSITE-KEY-001,PARAM-KMFA-1086,KMFA-V014-S08-P1-PROJECT-COMPOSITE-KEY-20260704,ACC-V014-S08-P1-PROJECT-COMPOSITE-KEY,KMFA/tools/check_v014_s08_p1_project_composite_key.py,KMFA/stage_artifacts/V014_S08_P1_PROJECT_COMPOSITE_KEY/machine/project_composite_key_manifest.json,PYTHONDONTWRITEBYTECODE=1 PYTHONPATH=. python3 KMFA/tools/check_v014_s08_p1_project_composite_key.py,KMFA/stage_artifacts/V014_S08_P1_PROJECT_COMPOSITE_KEY/human/test_results.md,machine_verified_v014_s08p1_project_composite_key_counts_local_only_no_go
REQ-P2-159,MOD-KMFA-COST-001,ASM-KMFA-006,FORM-KMFA-V014-S08P1-PROJECT-COMPOSITE-KEY-001,PARAM-KMFA-1087,KMFA-V014-S08-P1-PROJECT-COMPOSITE-KEY-20260704,ACC-V014-S08-P1-PROJECT-COMPOSITE-KEY,KMFA/tools/check_v014_s08_p1_project_composite_key.py,KMFA/stage_artifacts/V014_S08_P1_PROJECT_COMPOSITE_KEY/machine/project_composite_key_manifest.json,PYTHONDONTWRITEBYTECODE=1 PYTHONPATH=. python3 KMFA/tools/check_v014_s08_p1_project_composite_key.py,KMFA/stage_artifacts/V014_S08_P1_PROJECT_COMPOSITE_KEY/human/test_results.md,machine_verified_v014_s08p1_weighted_matching_manual_review_no_go
REQ-P2-160,MOD-KMFA-GOV-001,ASM-KMFA-004,FORM-KMFA-V014-S08P1-PROJECT-COMPOSITE-KEY-001,PARAM-KMFA-1088,KMFA-V014-S08-P1-PROJECT-COMPOSITE-KEY-20260704,ACC-V014-S08-P1-PROJECT-COMPOSITE-KEY,KMFA/tools/check_v014_s08_p1_project_composite_key.py,KMFA/stage_artifacts/V014_S08_P1_PROJECT_COMPOSITE_KEY/machine/project_composite_key_manifest.json,PYTHONDONTWRITEBYTECODE=1 PYTHONPATH=. python3 KMFA/tools/check_v014_s08_p1_project_composite_key.py,KMFA/stage_artifacts/V014_S08_P1_PROJECT_COMPOSITE_KEY/human/test_results.md,machine_verified_v014_s08p1_raw_scope_no_stage_review_or_upload
REQ-P2-161,MOD-KMFA-COST-001,ASM-KMFA-003,FORM-KMFA-V014-S08P2-BUSINESS-ENTITY-MODEL-001,PARAM-KMFA-1089,KMFA-V014-S08-P2-BUSINESS-ENTITY-MODEL-20260704,ACC-V014-S08-P2-BUSINESS-ENTITY-MODEL,KMFA/tools/check_v014_s08_p2_business_entity_model.py,KMFA/stage_artifacts/V014_S08_P2_BUSINESS_ENTITY_MODEL/machine/business_entity_model_manifest.json,PYTHONDONTWRITEBYTECODE=1 PYTHONPATH=. python3 KMFA/tools/check_v014_s08_p2_business_entity_model.py,KMFA/stage_artifacts/V014_S08_P2_BUSINESS_ENTITY_MODEL/human/test_results.md,machine_verified_v014_s08p2_business_entity_counts_local_only_no_go
REQ-P2-162,MOD-KMFA-COST-001,ASM-KMFA-006,FORM-KMFA-V014-S08P2-BUSINESS-ENTITY-MODEL-001,PARAM-KMFA-1090,KMFA-V014-S08-P2-BUSINESS-ENTITY-MODEL-20260704,ACC-V014-S08-P2-BUSINESS-ENTITY-MODEL,KMFA/tools/check_v014_s08_p2_business_entity_model.py,KMFA/stage_artifacts/V014_S08_P2_BUSINESS_ENTITY_MODEL/machine/business_entity_model_manifest.json,PYTHONDONTWRITEBYTECODE=1 PYTHONPATH=. python3 KMFA/tools/check_v014_s08_p2_business_entity_model.py,KMFA/stage_artifacts/V014_S08_P2_BUSINESS_ENTITY_MODEL/human/test_results.md,machine_verified_v014_s08p2_schema_only_status_only_no_go
REQ-P2-163,MOD-KMFA-GOV-001,ASM-KMFA-004,FORM-KMFA-V014-S08P2-BUSINESS-ENTITY-MODEL-001,PARAM-KMFA-1091,KMFA-V014-S08-P2-BUSINESS-ENTITY-MODEL-20260704,ACC-V014-S08-P2-BUSINESS-ENTITY-MODEL,KMFA/tools/check_v014_s08_p2_business_entity_model.py,KMFA/stage_artifacts/V014_S08_P2_BUSINESS_ENTITY_MODEL/machine/business_entity_model_manifest.json,PYTHONDONTWRITEBYTECODE=1 PYTHONPATH=. python3 KMFA/tools/check_v014_s08_p2_business_entity_model.py,KMFA/stage_artifacts/V014_S08_P2_BUSINESS_ENTITY_MODEL/human/test_results.md,machine_verified_v014_s08p2_raw_scope_no_stage_review_or_upload
REQ-P2-164,MOD-KMFA-COST-001,ASM-KMFA-003,FORM-KMFA-V014-S08P3-ENTITY-MATCHING-QUALITY-001,PARAM-KMFA-1092,KMFA-V014-S08-P3-ENTITY-MATCHING-QUALITY-20260704,ACC-V014-S08-P3-ENTITY-MATCHING-QUALITY,KMFA/tools/check_v014_s08_p3_entity_matching_quality.py,KMFA/stage_artifacts/V014_S08_P3_ENTITY_MATCHING_QUALITY/machine/entity_matching_quality_manifest.json,PYTHONDONTWRITEBYTECODE=1 PYTHONPATH=. python3 KMFA/tools/check_v014_s08_p3_entity_matching_quality.py,KMFA/stage_artifacts/V014_S08_P3_ENTITY_MATCHING_QUALITY/human/test_results.md,machine_verified_v014_s08p3_scenario_quality_review_report_risk_counts
REQ-P2-165,MOD-KMFA-COST-001,ASM-KMFA-006,FORM-KMFA-V014-S08P3-ENTITY-MATCHING-QUALITY-001,PARAM-KMFA-1093,KMFA-V014-S08-P3-ENTITY-MATCHING-QUALITY-20260704,ACC-V014-S08-P3-ENTITY-MATCHING-QUALITY,KMFA/tools/check_v014_s08_p3_entity_matching_quality.py,KMFA/stage_artifacts/V014_S08_P3_ENTITY_MATCHING_QUALITY/machine/entity_matching_quality_manifest.json,PYTHONDONTWRITEBYTECODE=1 PYTHONPATH=. python3 KMFA/tools/check_v014_s08_p3_entity_matching_quality.py,KMFA/stage_artifacts/V014_S08_P3_ENTITY_MATCHING_QUALITY/human/test_results.md,machine_verified_v014_s08p3_manual_review_no_auto_merge_local_only_no_go
REQ-P2-166,MOD-KMFA-GOV-001,ASM-KMFA-004,FORM-KMFA-V014-S08P3-ENTITY-MATCHING-QUALITY-001,PARAM-KMFA-1094,KMFA-V014-S08-P3-ENTITY-MATCHING-QUALITY-20260704,ACC-V014-S08-P3-ENTITY-MATCHING-QUALITY,KMFA/tools/check_v014_s08_p3_entity_matching_quality.py,KMFA/stage_artifacts/V014_S08_P3_ENTITY_MATCHING_QUALITY/machine/entity_matching_quality_manifest.json,PYTHONDONTWRITEBYTECODE=1 PYTHONPATH=. python3 KMFA/tools/check_v014_s08_p3_entity_matching_quality.py,KMFA/stage_artifacts/V014_S08_P3_ENTITY_MATCHING_QUALITY/human/test_results.md,machine_verified_v014_s08p3_raw_scope_no_stage_review_upload_or_raw_matching
REQ-P2-167,MOD-KMFA-GOV-001,ASM-KMFA-002,FORM-KMFA-V014-S08-STAGE-REVIEW-001,PARAM-KMFA-1095,KMFA-V014-S08-STAGE-REVIEW-20260704,ACC-V014-S08-STAGE-REVIEW,KMFA/tools/check_v014_s08_stage_review.py,KMFA/stage_artifacts/V014_S08_STAGE_REVIEW/machine/stage8_review_manifest.json,PYTHONDONTWRITEBYTECODE=1 PYTHONPATH=. python3 KMFA/tools/check_v014_s08_stage_review.py,KMFA/stage_artifacts/V014_S08_STAGE_REVIEW/human/test_results.md,machine_verified_v014_s08_stage_review_phase_results_counts
REQ-P2-168,MOD-KMFA-GOV-001,ASM-KMFA-006,FORM-KMFA-V014-S08-STAGE-REVIEW-001,PARAM-KMFA-1096,KMFA-V014-S08-STAGE-REVIEW-20260704,ACC-V014-S08-STAGE-REVIEW,KMFA/tools/check_v014_s08_stage_review.py,KMFA/stage_artifacts/V014_S08_STAGE_REVIEW/machine/stage8_review_manifest.json,PYTHONDONTWRITEBYTECODE=1 PYTHONPATH=. python3 KMFA/tools/check_v014_s08_stage_review.py,KMFA/stage_artifacts/V014_S08_STAGE_REVIEW/human/test_results.md,machine_verified_v014_s08_stage_review_release_boundary_no_go
REQ-P2-169,MOD-KMFA-GOV-001,ASM-KMFA-004,FORM-KMFA-V014-S08-STAGE-REVIEW-001,PARAM-KMFA-1097,KMFA-V014-S08-STAGE-REVIEW-20260704,ACC-V014-S08-STAGE-REVIEW,KMFA/tools/check_v014_s08_stage_review.py,KMFA/stage_artifacts/V014_S08_STAGE_REVIEW/machine/stage8_review_manifest.json,PYTHONDONTWRITEBYTECODE=1 PYTHONPATH=. python3 KMFA/tools/check_v014_s08_stage_review.py,KMFA/stage_artifacts/V014_S08_STAGE_REVIEW/human/test_results.md,machine_verified_v014_s08_stage_review_raw_scope_no_s09_or_upload
REQ-P2-170,MOD-KMFA-COST-001,ASM-KMFA-003,FORM-KMFA-V014-S09P1-PROJECT-COST-FACT-LAYER-001,PARAM-KMFA-1098,KMFA-V014-S09-P1-PROJECT-COST-FACT-LAYER-20260704,ACC-V014-S09-P1-PROJECT-COST-FACT-LAYER,KMFA/tools/check_v014_s09_p1_project_cost_fact_layer.py,KMFA/stage_artifacts/V014_S09_P1_PROJECT_COST_FACT_LAYER/machine/project_cost_fact_layer_manifest.json,PYTHONDONTWRITEBYTECODE=1 PYTHONPATH=. python3 KMFA/tools/check_v014_s09_p1_project_cost_fact_layer.py,KMFA/stage_artifacts/V014_S09_P1_PROJECT_COST_FACT_LAYER/human/test_results.md,machine_verified_v014_s09p1_project_cost_fact_layer_counts_local_only_no_go
REQ-P2-171,MOD-KMFA-COST-001,ASM-KMFA-006,FORM-KMFA-V014-S09P1-PROJECT-COST-FACT-LAYER-001,PARAM-KMFA-1099,KMFA-V014-S09-P1-PROJECT-COST-FACT-LAYER-20260704,ACC-V014-S09-P1-PROJECT-COST-FACT-LAYER,KMFA/tools/check_v014_s09_p1_project_cost_fact_layer.py,KMFA/stage_artifacts/V014_S09_P1_PROJECT_COST_FACT_LAYER/machine/project_cost_fact_layer_manifest.json,PYTHONDONTWRITEBYTECODE=1 PYTHONPATH=. python3 KMFA/tools/check_v014_s09_p1_project_cost_fact_layer.py,KMFA/stage_artifacts/V014_S09_P1_PROJECT_COST_FACT_LAYER/human/test_results.md,machine_verified_v014_s09p1_quality_release_boundary_no_go
REQ-P2-172,MOD-KMFA-GOV-001,ASM-KMFA-004,FORM-KMFA-V014-S09P1-PROJECT-COST-FACT-LAYER-001,PARAM-KMFA-1100,KMFA-V014-S09-P1-PROJECT-COST-FACT-LAYER-20260704,ACC-V014-S09-P1-PROJECT-COST-FACT-LAYER,KMFA/tools/check_v014_s09_p1_project_cost_fact_layer.py,KMFA/stage_artifacts/V014_S09_P1_PROJECT_COST_FACT_LAYER/machine/project_cost_fact_layer_manifest.json,PYTHONDONTWRITEBYTECODE=1 PYTHONPATH=. python3 KMFA/tools/check_v014_s09_p1_project_cost_fact_layer.py,KMFA/stage_artifacts/V014_S09_P1_PROJECT_COST_FACT_LAYER/human/test_results.md,machine_verified_v014_s09p1_raw_scope_no_s09p2_s09p3_review_or_upload
REQ-P2-173,MOD-KMFA-COST-001,ASM-KMFA-003,FORM-KMFA-V014-S09P2-MARGIN-CASH-MARGIN-001,PARAM-KMFA-1101,KMFA-V014-S09-P2-MARGIN-CASH-MARGIN-20260704,ACC-V014-S09-P2-MARGIN-CASH-MARGIN,KMFA/tools/check_v014_s09_p2_margin_cash_margin.py,KMFA/stage_artifacts/V014_S09_P2_MARGIN_CASH_MARGIN/machine/margin_cash_margin_manifest.json,PYTHONDONTWRITEBYTECODE=1 PYTHONPATH=. python3 KMFA/tools/check_v014_s09_p2_margin_cash_margin.py,KMFA/stage_artifacts/V014_S09_P2_MARGIN_CASH_MARGIN/human/test_results.md,machine_verified_v014_s09p2_margin_cash_margin_counts_local_only_no_go
REQ-P2-174,MOD-KMFA-COST-001,ASM-KMFA-006,FORM-KMFA-V014-S09P2-MARGIN-CASH-MARGIN-001,PARAM-KMFA-1102,KMFA-V014-S09-P2-MARGIN-CASH-MARGIN-20260704,ACC-V014-S09-P2-MARGIN-CASH-MARGIN,KMFA/tools/check_v014_s09_p2_margin_cash_margin.py,KMFA/stage_artifacts/V014_S09_P2_MARGIN_CASH_MARGIN/machine/margin_cash_margin_manifest.json,PYTHONDONTWRITEBYTECODE=1 PYTHONPATH=. python3 KMFA/tools/check_v014_s09_p2_margin_cash_margin.py,KMFA/stage_artifacts/V014_S09_P2_MARGIN_CASH_MARGIN/human/test_results.md,machine_verified_v014_s09p2_quality_no_overwrite_release_boundary_no_go
REQ-P2-175,MOD-KMFA-GOV-001,ASM-KMFA-004,FORM-KMFA-V014-S09P2-MARGIN-CASH-MARGIN-001,PARAM-KMFA-1103,KMFA-V014-S09-P2-MARGIN-CASH-MARGIN-20260704,ACC-V014-S09-P2-MARGIN-CASH-MARGIN,KMFA/tools/check_v014_s09_p2_margin_cash_margin.py,KMFA/stage_artifacts/V014_S09_P2_MARGIN_CASH_MARGIN/machine/margin_cash_margin_manifest.json,PYTHONDONTWRITEBYTECODE=1 PYTHONPATH=. python3 KMFA/tools/check_v014_s09_p2_margin_cash_margin.py,KMFA/stage_artifacts/V014_S09_P2_MARGIN_CASH_MARGIN/human/test_results.md,machine_verified_v014_s09p2_raw_scope_no_s09p3_review_or_upload
